"active","birthDate","birthLocation","club","districtName","districtNum","educationLevel","email","firstLastName","firstName","id","lastFirstName","lastName","numberOfVotes","profession","secondName","voivodeship","inactiveCause","waiverDesc"
TRUE,"1959-01-04","Krzeszowice","PiS","Kraków",13,"wyższe","Andrzej.Adamczyk@sejm.pl","Andrzej Adamczyk","Andrzej",1,"Adamczyk Andrzej","Adamczyk",45171,"ekonomista","Mieczysław","małopolskie",NA,NA
TRUE,"1961-06-26","Elbląg","KO","Gdańsk",25,"średnie ogólne","Piotr.Adamowicz@sejm.pl","Piotr Adamowicz","Piotr",2,"Adamowicz Piotr","Adamowicz",23147,"dziennikarz",NA,"pomorskie",NA,NA
TRUE,"1990-06-30","Grajewo","PiS","Białystok",24,"wyższe","Adam.Andruszkiewicz@sejm.pl","Adam Andruszkiewicz","Adam",3,"Andruszkiewicz Adam","Andruszkiewicz",53632,"parlamentarzysta",NA,"podlaskie",NA,NA
TRUE,"1971-09-17","Czeladź","PiS","Katowice",32,"wyższe","Waldemar.Andzel@sejm.pl","Waldemar Andzel","Waldemar",4,"Andzel Waldemar","Andzel",22699,"politolog","Franciszek","śląskie",NA,NA
TRUE,"1968-02-16","Gdynia","PiS","Słupsk",26,"wyższe","Dorota.Arciszewska-Mielewczyk@sejm.pl","Dorota Arciszewska-Mielewczyk","Dorota",5,"Arciszewska-Mielewczyk Dorota","Arciszewska-Mielewczyk",11766,"ekonomista, menedżer","Irvina","pomorskie",NA,NA
TRUE,"1961-02-11","Czernikowo","PiS","Toruń",5,"wyższe","Jan.Ardanowski@sejm.pl","Jan Krzysztof Ardanowski","Jan",6,"Ardanowski Jan Krzysztof","Ardanowski",28658,"rolnik","Krzysztof","kujawsko-pomorskie",NA,NA
TRUE,"1968-06-04","Olsztyn","PiS","Olsztyn",35,"wyższe","Iwona.Arent@sejm.pl","Iwona Ewa Arent","Iwona",7,"Arent Iwona Ewa","Arent",16675,"politolog","Ewa","warmińsko-mazurskie",NA,NA
TRUE,"1971-12-30","Resko","KO","Koszalin",40,"wyższe","Bartosz.Arlukowicz@sejm.pl","Bartosz Arłukowicz","Bartosz",8,"Arłukowicz Bartosz","Arłukowicz",67325,"lekarz","Adam","zachodniopomorskie",NA,NA
TRUE,"1958-09-27","Zielona Góra","PiS","Zielona Góra",8,"wyższe","Marek.Ast@sejm.pl","Marek Ast","Marek",9,"Ast Marek","Ast",36365,"pracownik samorządowy, radca prawny, urzędnik państwowy",NA,"lubuskie",NA,NA
TRUE,"1964-09-01","Tarnów","KO","Tarnów",15,"wyższe","Urszula.Augustyn@sejm.pl","Urszula Augustyn","Urszula",10,"Augustyn Urszula","Augustyn",27047,"dziennikarz",NA,"małopolskie",NA,NA
TRUE,"1969-09-09","Krosno","PiS","Krosno",22,"wyższe","Piotr.Babinetz@sejm.pl","Piotr Babinetz","Piotr",11,"Babinetz Piotr","Babinetz",12829,"historyk, muzealnik","Mieczysław","podkarpackie",NA,NA
TRUE,"1968-01-11","Turek","PiS","Konin",37,"wyższe","Ryszard.Bartosik@sejm.pl","Ryszard Bartosik","Ryszard",12,"Bartosik Ryszard","Bartosik",25371,"politolog",NA,"wielkopolskie",NA,NA
TRUE,"1955-10-22","Warszawa","PSL-TD","Warszawa",19,"wyższe","Wladyslaw.Bartoszewski@sejm.pl","Władysław Bartoszewski","Władysław",13,"Bartoszewski Władysław","Bartoszewski",34563,"pracownik naukowy","Teofil","mazowieckie",NA,NA
TRUE,"1967-07-03","Gorlice","PiS","Nowy Sącz",14,"wyższe","Barbara.Bartus@sejm.pl","Barbara Bartuś","Barbara",14,"Bartuś Barbara","Bartuś",21250,"prawnik","Halina","małopolskie",NA,NA
TRUE,"1962-10-13","Łowicz","PSL-TD","Sieradz",11,"wyższe","Pawel.Bejda@sejm.pl","Paweł Bejda","Paweł",15,"Bejda Paweł","Bejda",25363,"inżynier mechanik, menedżer","Jan","łódzkie",NA,NA
TRUE,"1984-05-27","Kraków","Konfederacja","Kraków",13,"wyższe","Konrad.Berkowicz@sejm.pl","Konrad Berkowicz","Konrad",16,"Berkowicz Konrad","Berkowicz",36918,"programista","Szczepan","małopolskie",NA,NA
TRUE,"1975-04-27","Głuszyca","KO","Wałbrzych",2,"wyższe","Sylwia.Bielawska@sejm.pl","Sylwia Bielawska","Sylwia",17,"Bielawska Sylwia","Bielawska",17577,"pracownik samorządowy","Alina","dolnośląskie",NA,NA
TRUE,"1959-04-28","Sopot","PSL-TD","Słupsk",26,"wyższe","Marek.Biernacki@sejm.pl","Marek Biernacki","Marek",18,"Biernacki Marek","Biernacki",34369,"prawnik",NA,"pomorskie",NA,NA
TRUE,"1986-10-11","Łódź","KO","Łódź",9,"średnie ogólne","Pawel.Blizniuk@sejm.pl","Paweł Bliźniuk","Paweł",19,"Bliźniuk Paweł","Bliźniuk",12315,"pracownik administracji samorządowej","Kazimierz","łódzkie",NA,NA
TRUE,"1969-09-19","Legionowo","PiS","Warszawa",20,"wyższe","Mariusz.Blaszczak@sejm.pl","Mariusz Błaszczak","Mariusz",20,"Błaszczak Mariusz","Błaszczak",127578,"urzędnik państwowy",NA,"mazowieckie",NA,NA
TRUE,"1993-03-12","Sosnowiec","KO","Katowice",32,"wyższe","Mateusz.Bochenek@sejm.pl","Mateusz Bochenek","Mateusz",21,"Bochenek Mateusz","Bochenek",15117,"parlamentarzysta",NA,"śląskie",NA,NA
TRUE,"1986-08-14","Kraków","PiS","Kraków",12,"wyższe","Rafal.Bochenek@sejm.pl","Rafał Bochenek","Rafał",22,"Bochenek Rafał","Bochenek",42142,"prawnik","Paweł","małopolskie",NA,NA
TRUE,"1975-02-13","Lubliniec","Polska2050-TD","Wrocław",3,"wyższe","Izabela.Bodnar@sejm.pl","Izabela Bodnar","Izabela",23,"Bodnar Izabela","Bodnar",26404,"ekonomista","Anna","dolnośląskie",NA,NA
TRUE,"1959-02-13","Wysokie Mazowieckie","PiS","Białystok",24,"wyższe","Jacek.Bogucki@sejm.pl","Jacek Bogucki","Jacek",24,"Bogucki Jacek","Bogucki",12032,"inżynier mechanik",NA,"podlaskie",NA,NA
TRUE,"1980-01-26","Góra","PiS","Szczecin",41,"wyższe","Zbigniew.Bogucki@sejm.pl","Zbigniew Bogucki","Zbigniew",25,"Bogucki Zbigniew","Bogucki",26375,"adwokat",NA,"zachodniopomorskie",NA,NA
TRUE,"1968-07-11","Annopol","KO","Lublin",6,"wyższe","Krzysztof.Bojarski@sejm.pl","Krzysztof Bojarski","Krzysztof",26,"Bojarski Krzysztof","Bojarski",10672,"lekarz",NA,"lubelskie",NA,NA
TRUE,"1967-08-20","Włocławek","PiS","Toruń",5,"wyższe","Joanna.Borowiak@sejm.pl","Joanna Borowiak","Joanna",27,"Borowiak Joanna","Borowiak",25995,"nauczyciel, nauczyciel akademicki","Beata","kujawsko-pomorskie",NA,NA
TRUE,"1983-06-11","Głuchołazy","PiS","Płock",16,"wyższe","Kamil.Bortniczuk@sejm.pl","Kamil Bortniczuk","Kamil",28,"Bortniczuk Kamil","Bortniczuk",31555,"menedżer, prawnik, urzędnik państwowy",NA,"mazowieckie",NA,NA
TRUE,"1976-01-11","Bolesławiec","KO","Legnica",1,"wyższe","Piotr.Borys@sejm.pl","Piotr Borys","Piotr",29,"Borys Piotr","Borys",44912,"prawnik",NA,"dolnośląskie",NA,NA
TRUE,"1954-03-11","Lędziny","PiS","Katowice",29,"wyższe","Bozena.Borys-Szopa@sejm.pl","Bożena Borys-Szopa","Bożena",30,"Borys-Szopa Bożena","Borys-Szopa",30445,"prawnik","Teresa","śląskie",NA,NA
TRUE,"1970-11-05","Poznań","KO","Poznań",39,"wyższe","Marcin.Bosacki@sejm.pl","Marcin Bosacki","Marcin",31,"Bosacki Marcin","Bosacki",24197,NA,"Rafał","wielkopolskie",NA,NA
TRUE,"1988-07-08","Szczecin","Konfederacja","Warszawa",20,"wyższe","Karina.Bosak@sejm.pl","Karina Anna Bosak","Karina",32,"Bosak Karina Anna","Bosak",21217,"adwokat","Anna","mazowieckie",NA,NA
TRUE,"1982-06-13","Zielona Góra","Konfederacja","Białystok",24,"średnie ogólne","Krzysztof.Bosak@sejm.pl","Krzysztof Bosak","Krzysztof",33,"Bosak Krzysztof","Bosak",44902,"parlamentarzysta",NA,"podlaskie",NA,NA
TRUE,"1967-03-11","Toruń","Konfederacja","Rzeszów",23,"wyższe","Grzegorz.Braun@sejm.pl","Grzegorz Braun","Grzegorz",34,"Braun Grzegorz","Braun",26895,"publicysta, reżyser","Michał","podkarpackie",NA,NA
FALSE,"1983-05-16","Bydgoszcz","KO","Bydgoszcz",4,"wyższe","Krzysztof.Brejza@sejm.pl","Krzysztof Brejza","Krzysztof",35,"Brejza Krzysztof","Brejza",89840,"prawnik",NA,"kujawsko-pomorskie","Zrzeczenie","Objął mandat posła do Parlamentu Europejskiego"
TRUE,"1986-09-22","Tczew","Polska2050-TD","Gdańsk",25,"wyższe","Agnieszka.Buczynska@sejm.pl","Agnieszka Buczyńska","Agnieszka",36,"Buczyńska Agnieszka","Buczyńska",35213,"politolog, socjolog","MARIA","pomorskie",NA,NA
TRUE,"1982-09-21","Turek","PiS","Łódź",9,"wyższe","Waldemar.Buda@sejm.pl","Waldemar Buda","Waldemar",37,"Buda Waldemar","Buda",45474,"radca prawny","Grzegorz","łódzkie",NA,NA
TRUE,"1978-03-11","Czeladź","KO","Katowice",31,"wyższe","Borys.Budka@sejm.pl","Borys Budka","Borys",38,"Budka Borys","Budka",101258,"nauczyciel akademicki, radca prawny","Piotr","śląskie",NA,NA
TRUE,"1964-10-17","Mielec","Polska2050-TD","Rzeszów",23,"wyższe","Elzbieta.Burkiewicz@sejm.pl","Elżbieta Burkiewicz","Elżbieta",39,"Burkiewicz Elżbieta","Burkiewicz",11582,"przedsiębiorca prywatny","Jolanta","podkarpackie",NA,NA
TRUE,"1964-08-27","Rzeki Wielkie","PiS","Częstochowa",28,"wyższe","Lidia.Burzynska@sejm.pl","Lidia Burzyńska","Lidia",40,"Burzyńska Lidia","Burzyńska",49713,"nauczyciel","Ewa","śląskie",NA,NA
TRUE,"1962-05-06","Dzierżoniów","KO","Wałbrzych",2,"wyższe","Marek.Chmielewski@sejm.pl","Marek Jan Chmielewski","Marek",41,"Chmielewski Marek Jan","Chmielewski",9108,"technolog żywności","Jan","dolnośląskie",NA,NA
TRUE,"1954-09-22","Kolbuszowa","PiS","Rzeszów",23,"wyższe","Zbigniew.Chmielowiec@sejm.pl","Zbigniew Chmielowiec","Zbigniew",42,"Chmielowiec Zbigniew","Chmielowiec",18574,"inżynier inżynierii środowiska","Michał","podkarpackie",NA,NA
TRUE,"1974-04-19","Elbląg","PiS","Olsztyn",35,"wyższe","Artur.Chojecki@sejm.pl","Artur Chojecki","Artur",43,"Chojecki Artur","Chojecki",17418,"urzędnik państwowy","Henryk","warmińsko-mazurskie",NA,NA
TRUE,"1957-12-16","Kraśnik","PiS","Lublin",6,"wyższe","Kazimierz.Choma@sejm.pl","Kazimierz Bogusław Choma","Kazimierz",44,"Choma Kazimierz Bogusław","Choma",8363,"zarządzanie zasobami ludzkimi","Bogusław","lubelskie",NA,NA
TRUE,"1978-12-29","Elbląg","PiS","Warszawa",20,"wyższe","Dominika.Chorosinska@sejm.pl","Dominika Chorosińska","Dominika",45,"Chorosińska Dominika","Chorosińska",9582,"aktorka","Małgorzata","mazowieckie",NA,NA
TRUE,"1963-09-14","Grodzisko Dolne","PiS","Krosno",22,"wyższe","Tadeusz.Chrzan@sejm.pl","Tadeusz Chrzan","Tadeusz",46,"Chrzan Tadeusz","Chrzan",12184,"geodeta",NA,"podkarpackie",NA,NA
TRUE,"1951-05-10","Wałbrzych","KO","Wrocław",3,"wyższe","Alicja.Chybicka@sejm.pl","Alicja Chybicka","Alicja",47,"Chybicka Alicja","Chybicka",78816,"lekarz","Paulina","dolnośląskie",NA,NA
TRUE,"1962-02-07","Ciechanów","PiS","Płock",16,"wyższe","Anna.Cicholska@sejm.pl","Anna Ewa Cicholska","Anna",48,"Cicholska Anna Ewa","Cicholska",19074,"nauczyciel","Ewa","mazowieckie",NA,NA
TRUE,"1957-01-07","Bytom","KO","Olsztyn",35,"wyższe","Janusz.Cichon@sejm.pl","Janusz Cichoń","Janusz",49,"Cichoń Janusz","Cichoń",32356,"emeryt, nauczyciel akademicki","Władysław","warmińsko-mazurskie",NA,NA
TRUE,"1989-06-27","Radomsko","PiS","Piotrków Trybunalski",10,"wyższe","Krzysztof.Cieciora@sejm.pl","Krzysztof Ciecióra","Krzysztof",50,"Ciecióra Krzysztof","Ciecióra",10426,NA,"Jan","łódzkie",NA,NA
TRUE,"1988-05-06","Wrocław","PiS","Olsztyn",35,"wyższe","Janusz.Cieszynski@sejm.pl","Janusz Cieszyński","Janusz",51,"Cieszyński Janusz","Cieszyński",20644,"menedżer","Antoni","warmińsko-mazurskie",NA,NA
TRUE,"1974-12-09","Dąbrowa Tarnowska","PiS","Kielce",33,"wyższe","Michal.Cieslak@sejm.pl","Michał Cieślak","Michał",52,"Cieślak Michał","Cieślak",5629,"ekonomista",NA,"świętokrzyskie",NA,NA
TRUE,"1978-12-10","Ostrołęka","Polska2050-TD","Siedlce",18,"wyższe","Zaneta.Cwalina-Sliwowska@sejm.pl","Żaneta Cwalina-Śliwowska","Żaneta",53,"Cwalina-Śliwowska Żaneta","Cwalina-Śliwowska",9747,"pedagog, trener",NA,"mazowieckie",NA,NA
TRUE,"1957-10-25","Trzcianka","PiS","Piła",38,"średnie zawodowe","Krzysztof.Czarnecki@sejm.pl","Krzysztof Czarnecki","Krzysztof",54,"Czarnecki Krzysztof","Czarnecki",37420,"technik budowlano-drogowy","Władysław","wielkopolskie",NA,NA
TRUE,"1953-04-12","Murowana Goślina","PiS","Konin",37,"wyższe","Witold.Czarnecki@sejm.pl","Witold Wojciech Czarnecki","Witold",55,"Czarnecki Witold Wojciech","Czarnecki",17601,"nauczyciel akademicki","Wojciech","wielkopolskie",NA,NA
TRUE,"1977-06-11","Koło","PiS","Lublin",6,"wyższe","Przemyslaw.Czarnek@sejm.pl","Przemysław Czarnek","Przemysław",56,"Czarnek Przemysław","Czarnek",121686,"prawnik",NA,"lubelskie",NA,NA
TRUE,"1966-04-14","Ostrołęka","PiS","Siedlce",18,"wyższe","Arkadiusz.Czartoryski@sejm.pl","Arkadiusz Czartoryski","Arkadiusz",57,"Czartoryski Arkadiusz","Czartoryski",15845,"urzędnik samorządowy",NA,"mazowieckie",NA,NA
TRUE,"1960-05-03","Warszawa","Lewica","Katowice",32,"wyższe","Wlodzimierz.Czarzasty@sejm.pl","Włodzimierz Czarzasty","Włodzimierz",58,"Czarzasty Włodzimierz","Czarzasty",22332,"politolog",NA,"śląskie",NA,NA
TRUE,"1964-08-30","Świdnik","Lewica","Lublin",6,"wyższe","Jacek.Czerniak@sejm.pl","Jacek Czerniak","Jacek",59,"Czerniak Jacek","Czerniak",10910,"politolog","Andrzej","lubelskie",NA,NA
TRUE,"1950-09-30","Wola Obszańska","KO","Legnica",1,"wyższe","Zofia.Czernow@sejm.pl","Zofia Czernow","Zofia",60,"Czernow Zofia","Czernow",30258,"ekonomista",NA,"dolnośląskie",NA,NA
TRUE,"1970-01-13","Warszawa","PiS","Warszawa",20,"wyższe","Anita.Czerwinska@sejm.pl","Anita Czerwińska","Anita",61,"Czerwińska Anita","Czerwińska",18443,"prawnik",NA,"mazowieckie",NA,NA
TRUE,"1969-11-03","Biała","PiS","Opole",21,"wyższe","Katarzyna.Czochara@sejm.pl","Katarzyna Czochara","Katarzyna",62,"Czochara Katarzyna","Czochara",20004,"nauczyciel","Beata","opolskie",NA,NA
TRUE,"1972-01-21","Zamość","Polska2050-TD","Chełm",7,"wyższe","Slawomir.Cwik@sejm.pl","Sławomir Ćwik","Sławomir",63,"Ćwik Sławomir","Ćwik",8004,"menedżer, prawnik, przedsiębiorca prywatny",NA,"lubelskie",NA,NA
TRUE,"1959-07-10","Międzyrzec","PiS","Zielona Góra",8,"wyższe","Wladyslaw.Dajczak@sejm.pl","Władysław Dajczak","Władysław",64,"Dajczak Władysław","Dajczak",29131,"inżynier mechanik",NA,"lubuskie",NA,NA
TRUE,"1961-04-14","Chełm","PiS","Chełm",7,"wyższe","Anna.Dabrowska-Banaszek@sejm.pl","Anna Dąbrowska-Banaszek","Anna",65,"Dąbrowska-Banaszek Anna","Dąbrowska-Banaszek",13910,"lekarz",NA,"lubelskie",NA,NA
TRUE,"1965-12-01","Koźmin","PiS","Konin",37,"wyższe","Zbigniew.Dolata@sejm.pl","Zbigniew Dolata","Zbigniew",66,"Dolata Zbigniew","Dolata",25663,"nauczyciel",NA,"wielkopolskie",NA,NA
TRUE,"1960-09-12","Bytom","KO","Katowice",32,"wyższe","Barbara.Dolniak@sejm.pl","Barbara Dolniak","Barbara",67,"Dolniak Barbara","Dolniak",37470,"prawnik",NA,"śląskie",NA,NA
TRUE,"1981-08-27","Kraków","KO","Warszawa",19,"wyższe","Andrzej.Domanski@sejm.pl","Andrzej Domański","Andrzej",68,"Domański Andrzej","Domański",6848,"doradca ds. ekonomicznych, ekonomista","Jan","mazowieckie",NA,NA
TRUE,"1979-08-16","Włoszczowa","PiS","Kielce",33,"wyższe","Bartlomiej.Dorywalski@sejm.pl","Bartłomiej Dorywalski","Bartłomiej",69,"Dorywalski Bartłomiej","Dorywalski",9696,"radca prawny",NA,"świętokrzyskie",NA,NA
TRUE,"1967-07-14","Lubsko","KO","Zielona Góra",8,"wyższe","Robert.Dowhan@sejm.pl","Robert Dowhan","Robert",70,"Dowhan Robert","Dowhan",14761,NA,NA,"lubuskie",NA,NA
TRUE,"1979-10-02","Bielsko-Biała","PiS","Bielsko-Biała",27,"wyższe","Przemyslaw.Drabek@sejm.pl","Przemysław Drabek","Przemysław",71,"Drabek Przemysław","Drabek",17886,"menedżer","Mieczysław","śląskie",NA,NA
TRUE,"1962-11-20","Skała","PiS","Kraków",13,"średnie policealne/pomaturalne","Elzbieta.Duda@sejm.pl","Elżbieta Duda","Elżbieta",72,"Duda Elżbieta","Duda",11388,"parlamentarzysta",NA,"małopolskie",NA,NA
TRUE,"1975-07-22","Warszawa","PiS","Wałbrzych",2,"wyższe","Michal.Dworczyk@sejm.pl","Michał Paweł Dworczyk","Michał",73,"Dworczyk Michał Paweł","Dworczyk",40264,"historyk, polityk","Paweł","dolnośląskie",NA,NA
TRUE,"1969-09-26","Rzeszów","PSL-TD","Rzeszów",23,"wyższe","Adam.Dziedzic@sejm.pl","Adam Dziedzic","Adam",74,"Dziedzic Adam","Dziedzic",24304,"inżynier mechanik",NA,"podkarpackie",NA,NA
TRUE,"1981-08-03","Warszawa","PiS","Kalisz",36,"wyższe","Jan.Dziedziczak@sejm.pl","Jan Michał Dziedziczak","Jan",75,"Dziedziczak Jan Michał","Dziedziczak",14689,"urzędnik państwowy","Michał","wielkopolskie",NA,NA
TRUE,"1984-01-20","Wrocław","Lewica","Słupsk",26,"wyższe","Agnieszka.Dziemianowicz-Bak@sejm.pl","Agnieszka Dziemianowicz-Bąk","Agnieszka",76,"Dziemianowicz-Bąk Agnieszka","Dziemianowicz-Bąk",30631,"filozof, pedagog","Ewa","pomorskie",NA,NA
TRUE,"1978-12-08","Barlinek","KO","Szczecin",41,"wyższe","Magdalena.Filiks@sejm.pl","Magdalena Filiks","Magdalena",77,"Filiks Magdalena","Filiks",40772,"ekonomista",NA,"zachodniopomorskie",NA,NA
TRUE,"1983-09-07","Lublin","PiS","Lublin",6,"wyższe","Magdalena.Filipek-Sobczak@sejm.pl","Magdalena Filipek-Sobczak","Magdalena",78,"Filipek-Sobczak Magdalena","Filipek-Sobczak",10480,"prawnik",NA,"lubelskie",NA,NA
TRUE,"1982-02-16","Radom","PiS","Radom",17,"średnie ogólne","Radoslaw.Fogiel@sejm.pl","Radosław Fogiel","Radosław",79,"Fogiel Radosław","Fogiel",32791,"parlamentarzysta","Aleksander","mazowieckie",NA,NA
TRUE,"1974-08-12","Bielsko-Biała","Konfederacja","Bielsko-Biała",27,"wyższe","Bronislaw.Foltyn@sejm.pl","Bronisław Foltyn","Bronisław",80,"Foltyn Bronisław","Foltyn",18134,"przedsiębiorca prywatny","Edward","śląskie",NA,NA
TRUE,"1966-01-03","Mikołów","Konfederacja","Bielsko-Biała",30,"wyższe","Roman.Fritz@sejm.pl","Roman Fritz","Roman",81,"Fritz Roman","Fritz",11089,"przedsiębiorca prywatny","Henryk","śląskie",NA,NA
TRUE,"1978-01-13","Krosno","KO","Krosno",22,"wyższe","Joanna.Frydrych@sejm.pl","Joanna Frydrych","Joanna",82,"Frydrych Joanna","Frydrych",29681,"ekonomista, pracownik administracji państwowej","Zofia","podkarpackie",NA,NA
TRUE,"1986-02-15","Radom","KO","Radom",17,"wyższe","Konrad.Frysztak@sejm.pl","Konrad Frysztak","Konrad",83,"Frysztak Konrad","Frysztak",25416,"dziennikarz, prawnik",NA,"mazowieckie",NA,NA
TRUE,"1977-03-29","Gdańsk","KO","Gdańsk",25,"wyższe","Patryk.Gabriel@sejm.pl","Patryk Gabriel","Patryk",84,"Gabriel Patryk","Gabriel",11201,"urzędnik samorządowy",NA,"pomorskie",NA,NA
TRUE,"1962-08-14","Bochnia","KO","Bielsko-Biała",30,"wyższe","Krzysztof.Gadowski@sejm.pl","Krzysztof Gadowski","Krzysztof",85,"Gadowski Krzysztof","Gadowski",36031,"inżynier transportu","Jan","śląskie",NA,NA
TRUE,"1989-08-22","Warszawa","KO","Warszawa",19,"wyższe","Aleksandra.Gajewska@sejm.pl","Aleksandra Gajewska","Aleksandra",86,"Gajewska Aleksandra","Gajewska",49428,"przedsiębiorca prywatny","Małgorzata","mazowieckie",NA,NA
TRUE,"1990-07-22","Warszawa","KO","Warszawa",20,"wyższe","Kinga.Gajewska@sejm.pl","Kinga Gajewska","Kinga",87,"Gajewska Kinga","Gajewska",85283,"politolog, prawnik","Magdalena","mazowieckie",NA,NA
TRUE,"1960-10-03","Płock","KO","Płock",16,"wyższe","Elzbieta.Gapinska@sejm.pl","Elżbieta Gapińska","Elżbieta",88,"Gapińska Elżbieta","Gapińska",13214,"pedagog","Teresa","mazowieckie",NA,NA
TRUE,"1983-05-08","Warszawa","KO","Siedlce",18,"wyższe","Kamila.Gasiuk-Pihowicz@sejm.pl","Kamila Gasiuk-Pihowicz","Kamila",89,"Gasiuk-Pihowicz Kamila","Gasiuk-Pihowicz",57609,"adwokat, prawnik",NA,"mazowieckie",NA,NA
TRUE,"1980-04-11","Warszawa","Lewica","Bydgoszcz",4,"wyższe","Krzysztof.Gawkowski@sejm.pl","Krzysztof Gawkowski","Krzysztof",90,"Gawkowski Krzysztof","Gawkowski",21831,"nauczyciel akademicki","Kamil","kujawsko-pomorskie",NA,NA
TRUE,"1960-09-12","Dębica","KO","Rzeszów",23,"wyższe","Zdzislaw.Gawlik@sejm.pl","Zdzisław Gawlik","Zdzisław",91,"Gawlik Zdzisław","Gawlik",7054,"nauczyciel akademicki",NA,"podkarpackie",NA,NA
TRUE,"1965-01-06","Kochcice","PiS","Częstochowa",28,"wyższe","Andrzej.Gawron@sejm.pl","Andrzej Gawron","Andrzej",92,"Gawron Andrzej","Gawron",13239,"parlamentarzysta","Janusz","śląskie",NA,NA
TRUE,"1972-03-23","Pszczyna","PiS","Bielsko-Biała",27,"wyższe","Grzegorz.Gaza@sejm.pl","Grzegorz Gaża","Grzegorz",93,"Gaża Grzegorz","Gaża",11940,"parlamentarzysta, przedsiębiorca prywatny","Krzysztof","śląskie",NA,NA
TRUE,"1955-04-22","Gdańsk","KO","Elbląg",34,"wyższe","Elzbieta.Gelert@sejm.pl","Elżbieta Gelert","Elżbieta",94,"Gelert Elżbieta","Gelert",15847,"menedżer","Kazimiera","warmińsko-mazurskie",NA,NA
TRUE,"1991-11-07","Włocławek","PiS","Toruń",5,"wyższe","Anna.Gembicka@sejm.pl","Anna Gembicka","Anna",95,"Gembicka Anna","Gembicka",25993,"prawnik, wyższy urzędnik państwowy","Urszula","kujawsko-pomorskie",NA,NA
TRUE,"1979-04-21","Kielce","KO","Kielce",33,"wyższe","Artur.Gierada@sejm.pl","Artur Daniel Gierada","Artur",96,"Gierada Artur Daniel","Gierada",16878,"politolog","Daniel","świętokrzyskie",NA,NA
TRUE,"1971-02-27","Śrem","KO","Kielce",33,"wyższe","Roman.Giertych@sejm.pl","Roman Giertych","Roman",97,"Giertych Roman","Giertych",23622,"adwokat","Jacek","świętokrzyskie",NA,NA
TRUE,"1952-10-19","Działdowo","KO","Bydgoszcz",4,"wyższe","Wlodzislaw.Gizinski@sejm.pl","Włodzisław Giziński","Włodzisław",98,"Giziński Włodzisław","Giziński",13630,NA,NA,"kujawsko-pomorskie",NA,NA
TRUE,"1956-03-08","Częstochowa","PiS","Częstochowa",28,"wyższe","Szymon.Gizynski@sejm.pl","Szymon Giżyński","Szymon",99,"Giżyński Szymon","Giżyński",14148,"urzędnik państwowy","Stanisław","śląskie",NA,NA
TRUE,"1954-04-20","Warszawa","PiS","Warszawa",19,"wyższe","Piotr.Glinski@sejm.pl","Piotr Gliński","Piotr",100,"Gliński Piotr","Gliński",135339,"pracownik naukowo-dydaktyczny","Tadeusz","mazowieckie",NA,NA
TRUE,"1974-12-30","Tarnowskie Góry","KO","Katowice",29,"wyższe","Tomasz.Glogowski@sejm.pl","Tomasz Głogowski","Tomasz",101,"Głogowski Tomasz","Głogowski",11463,"nauczyciel akademicki","Marian","śląskie",NA,NA
TRUE,"1967-07-22","Bydgoszcz","KO","Piła",38,"wyższe","Piotr.Glowski@sejm.pl","Piotr Głowski","Piotr",102,"Głowski Piotr","Głowski",16067,"ekonomista","Krzysztof","wielkopolskie",NA,NA
TRUE,"1985-04-14","Gliwice","KO","Katowice",29,"wyższe","Marta.Golbik@sejm.pl","Marta Golbik","Marta",103,"Golbik Marta","Golbik",19430,"przedsiębiorca prywatny","Joanna","śląskie",NA,NA
TRUE,"1980-10-30","Szczecinek","PiS","Koszalin",40,"wyższe","Malgorzata.Golinska@sejm.pl","Małgorzata Golińska","Małgorzata",104,"Golińska Małgorzata","Golińska",15253,"leśnik","Joanna","zachodniopomorskie",NA,NA
TRUE,"1964-02-05","Łańcut","PiS","Rzeszów",23,"wyższe","Kazimierz.Golojuch@sejm.pl","Kazimierz Gołojuch","Kazimierz",105,"Gołojuch Kazimierz","Gołojuch",14216,"parlamentarzysta","Edward","podkarpackie",NA,NA
TRUE,"1999-01-20","Opole","niez.","Opole",21,"wyższe","Adam.Gomola@sejm.pl","Adam Gomoła","Adam",106,"Gomoła Adam","Gomoła",21923,"specjalista ds. rozwoju i promocji","Michał","opolskie",NA,NA
TRUE,"1993-07-02","Żuromin","PiS","Elbląg",34,"wyższe","Robert.Gontarz@sejm.pl","Robert Gontarz","Robert",107,"Gontarz Robert","Gontarz",24940,"ekonomista, matematyk, parlamentarzysta",NA,"warmińsko-mazurskie",NA,NA
TRUE,"1958-07-27","Miłomłyn","KO","Elbląg",34,"wyższe","Stanislaw.Gorczyca@sejm.pl","Stanisław Gorczyca","Stanisław",108,"Gorczyca Stanisław","Gorczyca",7979,"biolog","Andrzej","warmińsko-mazurskie",NA,NA
TRUE,"1982-08-20","Kielce","PiS","Kielce",33,"wyższe","Mariusz.Gosek@sejm.pl","Mariusz Gosek","Mariusz",109,"Gosek Mariusz","Gosek",5309,"pedagog","Marek","świętokrzyskie",NA,NA
TRUE,"1985-04-16","Sosnowiec","Lewica","Kraków",13,"wyższe","Daria.Gosek-Popiolek@sejm.pl","Daria Gosek-Popiołek","Daria",110,"Gosek-Popiołek Daria","Gosek-Popiołek",39054,"pracownik samorządowy","Iwona","małopolskie",NA,NA
TRUE,"1966-07-22","Gdańsk","PiS","Warszawa",19,"średnie ogólne","Malgorzata.Gosiewska@sejm.pl","Małgorzata Gosiewska","Małgorzata",111,"Gosiewska Małgorzata","Gosiewska",36523,"urzędnik państwowy","Maria","mazowieckie",NA,NA
TRUE,"1972-07-09","Tarnów","Polska2050-TD","Tarnów",15,"wyższe","Piotr.Gornikiewicz@sejm.pl","Piotr Górnikiewicz","Piotr",112,"Górnikiewicz Piotr","Górnikiewicz",5180,"ekonomista","Tadeusz","małopolskie",NA,NA
TRUE,"1976-01-01","Skarżysko-Kamienna","PiS","Radom",17,"wyższe","Agnieszka.Gorska@sejm.pl","Agnieszka Górska","Agnieszka",113,"Górska Agnieszka","Górska",11494,"ekonomista","Beata","mazowieckie",NA,NA
TRUE,"1962-04-22","Sawin","KO","Chełm",7,"wyższe","Krzysztof.Grabczuk@sejm.pl","Krzysztof Grabczuk","Krzysztof",114,"Grabczuk Krzysztof","Grabczuk",32985,"nauczyciel akademicki",NA,"lubelskie",NA,NA
TRUE,"1972-11-02","Legionowo","KO","Warszawa",20,"wyższe","Jan.Grabiec@sejm.pl","Jan Grabiec","Jan",115,"Grabiec Jan","Grabiec",71534,"urzędnik państwowy","Stanisław","mazowieckie",NA,NA
TRUE,"1981-04-06","Ostrołęka","PiS","Siedlce",18,"wyższe","Marcin.Grabowski@sejm.pl","Marcin Grabowski","Marcin",116,"Grabowski Marcin","Grabowski",10339,"pracownik administracji państwowej",NA,"mazowieckie",NA,NA
TRUE,"1971-10-08","Katowice","Polska2050-TD","Katowice",31,"wyższe","Michal.Gramatyka@sejm.pl","Michał Gramatyka","Michał",117,"Gramatyka Michał","Gramatyka",32251,"radca prawny","Sebastian","śląskie",NA,NA
TRUE,"1985-03-24","Tarnogród","KO","Chełm",7,"wyższe","Malgorzata.Gromadzka@sejm.pl","Małgorzata Gromadzka","Małgorzata",118,"Gromadzka Małgorzata","Gromadzka",10710,"pracownik administracji samorządowej",NA,"lubelskie",NA,NA
TRUE,"1968-03-13","Nowy Sącz","PiS","Szczecin",41,"wyższe","Marek.Grobarczyk@sejm.pl","Marek Gróbarczyk","Marek",119,"Gróbarczyk Marek","Gróbarczyk",44422,"inżynier mechanik",NA,"zachodniopomorskie",NA,NA
TRUE,"1956-08-23","Siedlików","PSL-TD","Kalisz",36,"wyższe","Andrzej.Grzyb@sejm.pl","Andrzej Grzyb","Andrzej",120,"Grzyb Andrzej","Grzyb",29391,"ekonomista, inżynier ogrodnik","Marian","wielkopolskie",NA,NA
TRUE,"1960-10-30","Zakopane","PiS","Nowy Sącz",14,"wyższe","Andrzej.Gut-Mostowy@sejm.pl","Andrzej Gut-Mostowy","Andrzej",121,"Gut-Mostowy Andrzej","Gut-Mostowy",16467,"ekonomista",NA,"małopolskie",NA,NA
TRUE,"1962-06-10","Radziłów","PiS","Białystok",24,"średnie zawodowe","Kazimierz.Gwiazdowski@sejm.pl","Kazimierz Gwiazdowski","Kazimierz",122,"Gwiazdowski Kazimierz","Gwiazdowski",11898,"rolnik",NA,"podlaskie",NA,NA
TRUE,"1977-12-14","Ząbkowice Śl.","PiS","Wałbrzych",2,"wyższe","Marcin.Gwozdz@sejm.pl","Marcin Gwóźdź","Marcin",123,"Gwóźdź Marcin","Gwóźdź",23434,"inżynier","Piotr","dolnośląskie",NA,NA
TRUE,"1971-09-03","Gliwice","KO","Katowice",29,"wyższe","Marek.Gzik@sejm.pl","Marek Gzik","Marek",124,"Gzik Marek","Gzik",19070,"nauczyciel akademicki","Krzysztof","śląskie",NA,NA
TRUE,"1956-06-02","Pabianice","KO","Sieradz",11,"wyższe","Krzysztof.Habura@sejm.pl","Krzysztof Habura","Krzysztof",125,"Habura Krzysztof","Habura",11267,"inżynier budownictwa","Stefan","łódzkie",NA,NA
TRUE,"1963-01-12","Zgierz","KO","Sieradz",11,"wyższe","Agnieszka.Hanajczyk@sejm.pl","Agnieszka Hanajczyk","Agnieszka",126,"Hanajczyk Agnieszka","Hanajczyk",16865,"prawnik","Małgorzata","łódzkie",NA,NA
TRUE,"1970-09-06","Rypin","KO","Toruń",5,"średnie ogólne","Iwona.Hartwich@sejm.pl","Iwona Hartwich","Iwona",127,"Hartwich Iwona","Hartwich",17889,"sprzedawca",NA,"kujawsko-pomorskie",NA,NA
TRUE,"1977-10-05","Gniezno","Polska2050-TD","Konin",37,"wyższe","Paulina.Hennig-Kloska@sejm.pl","Paulina Hennig-Kloska","Paulina",128,"Hennig-Kloska Paulina","Hennig-Kloska",30334,"bankowiec, dziennikarz, ekonomista",NA,"wielkopolskie",NA,NA
TRUE,"1974-06-27","Lublin","PSL-TD","Lublin",6,"wyższe","Krzysztof.Hetman@sejm.pl","Krzysztof Hetman","Krzysztof",129,"Hetman Krzysztof","Hetman",28876,"politolog","Andrzej","lubelskie",NA,NA
TRUE,"1954-02-22","Jelenin","PiS","Koszalin",40,"wyższe","Czeslaw.Hoc@sejm.pl","Czesław Hoc","Czesław",130,"Hoc Czesław","Hoc",31360,"lekarz",NA,"zachodniopomorskie",NA,NA
TRUE,"1963-07-05","Poznań","PiS","Konin",37,"wyższe","Zbigniew.Hoffmann@sejm.pl","Zbigniew Hoffmann","Zbigniew",131,"Hoffmann Zbigniew","Hoffmann",47594,"politolog","Grzegorz","wielkopolskie",NA,NA
TRUE,"1953-06-15","Koszalin","KO","Koszalin",40,"wyższe","Marek.Hok@sejm.pl","Marek Tomasz Hok","Marek",132,"Hok Marek Tomasz","Hok",8176,"lekarz, parlamentarzysta, urzędnik samorządowy","Tomasz","zachodniopomorskie",NA,NA
TRUE,"1976-09-03","Białystok","Polska2050-TD","Białystok",24,"średnie ogólne","Szymon.Holownia@sejm.pl","Szymon Hołownia","Szymon",133,"Hołownia Szymon","Hołownia",79951,"polityk, publicysta","Franciszek","podlaskie",NA,NA
TRUE,"1981-10-02","Gdańsk","PiS","Słupsk",26,"wyższe","Marcin.Horala@sejm.pl","Marcin Horała","Marcin",134,"Horała Marcin","Horała",47974,"prawnik, specjalista ds. zarządzania, wyższy urzędnik państwowy","Michał","pomorskie",NA,NA
TRUE,"1980-05-14","Głogów","KO","Legnica",1,"wyższe","Lukasz.Horbatowski@sejm.pl","Łukasz Horbatowski","Łukasz",135,"Horbatowski Łukasz","Horbatowski",13934,"pracownik samorządowy",NA,"dolnośląskie",NA,NA
TRUE,"1979-09-09","Wrocław","PiS","Wrocław",3,"wyższe","Pawel.Hreniak@sejm.pl","Paweł Hreniak","Paweł",136,"Hreniak Paweł","Hreniak",19384,"urzędnik państwowy","Marek","dolnośląskie",NA,NA
TRUE,"1986-01-25","Opole","PiS","Bielsko-Biała",30,"wyższe","Pawel.Jablonski@sejm.pl","Paweł Jabłoński","Paweł",137,"Jabłoński Paweł","Jabłoński",22996,"adwokat",NA,"śląskie",NA,NA
TRUE,"1988-05-31","Wrocław","KO","Warszawa",19,"wyższe","Klaudia.Jachira@sejm.pl","Klaudia Jachira","Klaudia",138,"Jachira Klaudia","Jachira",9172,"aktorka","Krystyna","mazowieckie",NA,NA
TRUE,"1959-04-30","Warszawa","Kukiz15","Warszawa",19,"średnie policealne/pomaturalne","Marek.Jakubiak@sejm.pl","Marek Jakubiak","Marek",139,"Jakubiak Marek","Jakubiak",39151,"przedsiębiorca prywatny",NA,"mazowieckie",NA,NA
TRUE,"1962-01-16","Wyrzysk","KO","Piła",38,"wyższe","Maria.Janyska@sejm.pl","Maria Małgorzata Janyska","Maria",140,"Janyska Maria Małgorzata","Janyska",23592,"ekonomista","Małgorzata","wielkopolskie",NA,NA
TRUE,"1981-01-26","Aleksandrów Kujawski","KO","Wrocław",3,"wyższe","Michal.Jaros@sejm.pl","Michał Jaros","Michał",141,"Jaros Michał","Jaros",30512,"ekonomista",NA,"dolnośląskie",NA,NA
TRUE,"1990-08-18","Szczecin","KO","Szczecin",41,"wyższe","Patryk.Jaskulski@sejm.pl","Patryk Jaskulski","Patryk",142,"Jaskulski Patryk","Jaskulski",7439,"politolog","Bartłomiej","zachodniopomorskie",NA,NA
TRUE,"1957-05-19","Opole","KO","Opole",21,"wyższe","Danuta.Jazlowiecka@sejm.pl","Danuta Jazłowiecka","Danuta",143,"Jazłowiecka Danuta","Jazłowiecka",11580,"polityk","Maria","opolskie",NA,NA
TRUE,"1979-01-12","Łódź","KO","Łódź",9,"wyższe","Dariusz.Jonski@sejm.pl","Dariusz Joński","Dariusz",144,"Joński Dariusz","Joński",87470,"ekonomista",NA,"łódzkie",NA,NA
TRUE,"1982-10-17","Łódź","KO","Łódź",9,"wyższe","Marcin.Jozefaciuk@sejm.pl","Marcin Józefaciuk","Marcin",145,"Józefaciuk Marcin","Józefaciuk",8893,"nauczyciel",NA,"łódzkie",NA,NA
TRUE,"1989-11-16","Proszowice","PiS","Tarnów",15,"wyższe","Norbert.Kaczmarczyk@sejm.pl","Norbert Jakub Kaczmarczyk","Norbert",146,"Kaczmarczyk Norbert Jakub","Kaczmarczyk",11926,"dziennikarz, parlamentarzysta, politolog, rolnik","Jakub","małopolskie",NA,NA
TRUE,"1987-11-19","Sucha Beskidzka","PiS","Kraków",12,"wyższe","Filip.Kaczynski@sejm.pl","Filip Kaczyński","Filip",147,"Kaczyński Filip","Kaczyński",18285,"politolog","Roman","małopolskie",NA,NA
TRUE,"1949-06-18","Warszawa","PiS","Kielce",33,"wyższe","Jaroslaw.Kaczynski@sejm.pl","Jarosław Kaczyński","Jarosław",148,"Kaczyński Jarosław","Kaczyński",177228,"prawnik","Aleksander","świętokrzyskie",NA,NA
TRUE,"1968-06-25","Kalisz","PiS","Kalisz",36,"wyższe","Piotr.Kaleta@sejm.pl","Piotr Kaleta","Piotr",149,"Kaleta Piotr","Kaleta",16344,"parlamentarzysta","Marek","wielkopolskie",NA,NA
TRUE,"1989-07-29","Siedliszcze","PiS","Warszawa",19,"wyższe","Sebastian.Kaleta@sejm.pl","Sebastian Kaleta","Sebastian",150,"Kaleta Sebastian","Kaleta",31369,"radca prawny","Jerzy","mazowieckie",NA,NA
TRUE,"1986-08-10","Toruń","PiS","Toruń",5,"wyższe","Mariusz.Kaluzny@sejm.pl","Mariusz Kałużny","Mariusz",151,"Kałużny Mariusz","Kałużny",19072,"politolog",NA,"kujawsko-pomorskie",NA,NA
FALSE,"1965-09-25","Sochaczew","PiS","Chełm",7,"wyższe","Mariusz.Kaminski@sejm.pl","Mariusz Kamiński","Mariusz",152,"Kamiński Mariusz","Kamiński",44195,"historyk",NA,"lubelskie",NA,"Utrata prawa wybieralności"
TRUE,"1969-10-13","Dobra","KO","Warszawa",20,"wyższe","Piotr.Kandyba@sejm.pl","Piotr Kandyba","Piotr",153,"Kandyba Piotr","Kandyba",15144,"menedżer",NA,"mazowieckie",NA,NA
TRUE,"1991-09-20","Gdańsk","PiS","Lublin",6,"wyższe","Jan.Kanthak@sejm.pl","Jan Kanthak","Jan",154,"Kanthak Jan","Kanthak",22037,"prawnik","Jakub","lubelskie",NA,NA
TRUE,"1961-12-31","Mielec","PiS","Rzeszów",23,"wyższe","Fryderyk.Kapinos@sejm.pl","Fryderyk Sylwester Kapinos","Fryderyk",155,"Kapinos Fryderyk Sylwester","Kapinos",18065,"technolog żywności","Sylwester","podkarpackie",NA,NA
TRUE,"1963-08-16","Gdańsk","KO","Gdańsk",25,"wyższe","Jacek.Karnowski@sejm.pl","Jacek Karnowski","Jacek",156,"Karnowski Jacek","Karnowski",55069,"ekonomista, inżynier budownictwa","Karnowski","pomorskie",NA,NA
TRUE,"1974-03-11","Lniano","KO","Bydgoszcz",4,"wyższe","Iwona.Karolewska@sejm.pl","Iwona Karolewska","Iwona",157,"Karolewska Iwona","Karolewska",8572,"urzędnik samorządowy",NA,"kujawsko-pomorskie",NA,NA
TRUE,"1971-08-27","Busko Zdrój","Polska2050-TD","Kielce",33,"wyższe","Rafal.Kasprzyk@sejm.pl","Rafał Kasprzyk","Rafał",158,"Kasprzyk Rafał","Kasprzyk",10907,"inżynier budownictwa, menedżer","Marcin","świętokrzyskie",NA,NA
TRUE,"1969-11-10","Kłobuck","PSL-TD","Częstochowa",28,"wyższe","Henryk.Kiepura@sejm.pl","Henryk Kiepura","Henryk",159,"Kiepura Henryk","Kiepura",20665,"prawnik",NA,"śląskie",NA,NA
TRUE,"1976-08-22","Warszawa","KO","Płock",16,"wyższe","Marcin.Kierwinski@sejm.pl","Marcin Kierwiński","Marcin",160,"Kierwiński Marcin","Kierwiński",51828,"elektronik","Piotr","mazowieckie",NA,NA
TRUE,"1974-06-09","Września","KO","Poznań",39,"wyższe","Katarzyna.Kierzek-Koperska@sejm.pl","Katarzyna Kierzek-Koperska","Katarzyna",161,"Kierzek-Koperska Katarzyna","Kierzek-Koperska",20091,"doradca podatkowy","Renata","wielkopolskie",NA,NA
TRUE,"1980-06-17","Rawa Mazowiecka","PSL-TD","Piotrków Trybunalski",10,"wyższe","Dariusz.Klimczak@sejm.pl","Dariusz Klimczak","Dariusz",162,"Klimczak Dariusz","Klimczak",21826,"historyk",NA,"łódzkie",NA,NA
TRUE,"1963-12-14","Katowice","KO","Radom",17,"wyższe","Joanna.Kluzik-Rostkowska@sejm.pl","Joanna Kluzik-Rostkowska","Joanna",163,"Kluzik-Rostkowska Joanna","Kluzik-Rostkowska",21218,"dziennikarz","Grażyna","mazowieckie",NA,NA
TRUE,"1969-07-09","Tarnów","PSL-TD","Bydgoszcz",4,"wyższe","Agnieszka.Klopotek@sejm.pl","Agnieszka Maria Kłopotek","Agnieszka",164,"Kłopotek Agnieszka Maria","Kłopotek",11049,"zootechnik","Maria","kujawsko-pomorskie",NA,NA
TRUE,"1985-11-07","Olkusz","PiS","Kraków",12,"wyższe","Lukasz.Kmita@sejm.pl","Łukasz Kmita","Łukasz",165,"Kmita Łukasz","Kmita",26062,"urzędnik państwowy","Marek","małopolskie",NA,NA
TRUE,"1968-04-15","Warszawa","Polska2050-TD","Warszawa",19,"wyższe","Michal.Kobosko@sejm.pl","Michał Kobosko","Michał",166,"Kobosko Michał","Kobosko",61452,NA,"Andrzej","mazowieckie",NA,NA
TRUE,"1964-08-22","Prudnik","PiS","Siedlce",18,"wyższe","Maria.Koc@sejm.pl","Maria Koc","Maria",167,"Koc Maria","Koc",70732,"parlamentarzysta","Zofia","mazowieckie",NA,NA
TRUE,"1978-09-02","Katowice","KO","Katowice",31,"wyższe","Ewa.Kolodziej@sejm.pl","Ewa Kołodziej","Ewa",168,"Kołodziej Ewa","Kołodziej",7283,"politolog","Edyta","śląskie",NA,NA
TRUE,"1958-06-19","Dąbrówka","KO","Gdańsk",25,"wyższe","Magdalena.Kolodziejczak@sejm.pl","Magdalena Małgorzata Kołodziejczak","Magdalena",169,"Kołodziejczak Magdalena Małgorzata","Kołodziejczak",12773,"prawnik","Małgorzata","pomorskie",NA,NA
TRUE,"1988-09-14","Sieradz","KO","Konin",37,"średnie ogólne","Michal.Kolodziejczak@sejm.pl","Michał Kołodziejczak","Michał",170,"Kołodziejczak Michał","Kołodziejczak",44062,"rolnik",NA,"wielkopolskie",NA,NA
TRUE,"1971-06-10","Ełk","Polska2050-TD","Kraków",13,"wyższe","Rafal.Komarewicz@sejm.pl","Rafał Komarewicz","Rafał",171,"Komarewicz Rafał","Komarewicz",44808,"przedsiębiorca prywatny","Paweł","małopolskie",NA,NA
TRUE,"1980-10-14","Gliwice","Lewica","Katowice",31,"wyższe","Maciej.Konieczny@sejm.pl","Maciej Konieczny","Maciej",172,"Konieczny Maciej","Konieczny",17901,"parlamentarzysta",NA,"śląskie",NA,NA
TRUE,"1974-03-24","Słupsk","KO","Słupsk",26,"wyższe","Zbigniew.Konwinski@sejm.pl","Zbigniew Konwiński","Zbigniew",173,"Konwiński Zbigniew","Konwiński",15538,"historyk, menedżer","Marek","pomorskie",NA,NA
TRUE,"1981-08-10","Kraków","PSL-TD","Tarnów",15,"wyższe","Wladyslaw.Kosiniak-Kamysz@sejm.pl","Władysław Kosiniak-Kamysz","Władysław",174,"Kosiniak-Kamysz Władysław","Kosiniak-Kamysz",50139,"lekarz","Marcin","małopolskie",NA,NA
TRUE,"1974-03-07","Kluczbork","KO","Opole",21,"wyższe","Tomasz.Kostus@sejm.pl","Tomasz Kostuś","Tomasz",175,"Kostuś Tomasz","Kostuś",11857,"politolog","Tadeusz","opolskie",NA,NA
TRUE,"1976-03-31","Radom","PiS","Radom",17,"wyższe","Andrzej.Kosztowniak@sejm.pl","Andrzej Kosztowniak","Andrzej",176,"Kosztowniak Andrzej","Kosztowniak",9755,"ekonomista, prawnik","Tomasz","mazowieckie",NA,NA
TRUE,"1977-02-01","Gryfino","Lewica","Gdańsk",25,"wyższe","Katarzyna.Kotula@sejm.pl","Katarzyna Kotula","Katarzyna",177,"Kotula Katarzyna","Kotula",33122,"nauczyciel",NA,"pomorskie",NA,NA
TRUE,"1975-07-22","Rzeszów","KO","Rzeszów",23,"wyższe","Pawel.Kowal@sejm.pl","Paweł Kowal","Paweł",178,"Kowal Paweł","Kowal",63534,"nauczyciel akademicki",NA,"podkarpackie",NA,NA
TRUE,"1956-07-15","Żabianka","PiS","Siedlce",18,"wyższe","Henryk.Kowalczyk@sejm.pl","Henryk Kowalczyk","Henryk",179,"Kowalczyk Henryk","Kowalczyk",30081,"matematyk",NA,"mazowieckie",NA,NA
TRUE,"1978-04-11","Opole","PiS","Opole",21,"wyższe","Janusz.Kowalski@sejm.pl","Janusz Kowalski","Janusz",180,"Kowalski Janusz","Kowalski",14593,"prawnik","Marcin","opolskie",NA,NA
TRUE,"1979-08-11","Warszawa","PiS","Bydgoszcz",4,"wyższe","Bartosz.Kownacki@sejm.pl","Bartosz Józef Kownacki","Bartosz",181,"Kownacki Bartosz Józef","Kownacki",17135,"adwokat","Józef","kujawsko-pomorskie",NA,NA
TRUE,"1963-08-11","Więcbork","KO","Bydgoszcz",4,"wyższe","Iwona.Kozlowska@sejm.pl","Iwona Maria Kozłowska","Iwona",182,"Kozłowska Iwona Maria","Kozłowska",14514,"pedagog","Maria","kujawsko-pomorskie",NA,NA
TRUE,"1981-06-08","Zambrów","PSL-TD","Białystok",24,"wyższe","Stefan.Krajewski@sejm.pl","Stefan Krajewski","Stefan",183,"Krajewski Stefan","Krajewski",9803,"politolog",NA,"podlaskie",NA,NA
TRUE,"1964-06-03","Chojnów","PiS","Tarnów",15,"wyższe","Wieslaw.Krajewski@sejm.pl","Wiesław Krajewski","Wiesław",184,"Krajewski Wiesław","Krajewski",24838,"parlamentarzysta",NA,"małopolskie",NA,NA
TRUE,"1950-11-08","Sopot","PiS","Elbląg",34,"średnie ogólne","Leonard.Krasulski@sejm.pl","Leonard Krasulski","Leonard",185,"Krasulski Leonard","Krasulski",13948,"pracownik administracyjny","Seweryn","warmińsko-mazurskie",NA,NA
TRUE,"1965-07-19","Jawor","KO","Legnica",1,"wyższe","Iwona.Krawczyk@sejm.pl","Iwona Małgorzata Krawczyk","Iwona",186,"Krawczyk Iwona Małgorzata","Krawczyk",8831,"menedżer, nauczyciel, nauczyciel akademicki","Małgorzata","dolnośląskie",NA,NA
TRUE,"1978-03-21","Lublin","KO","Lublin",6,"wyższe","Michal.Krawczyk@sejm.pl","Michał Krawczyk","Michał",187,"Krawczyk Michał","Krawczyk",12009,"menedżer",NA,"lubelskie",NA,NA
TRUE,"1974-07-23","Legnica","KO","Legnica",1,"wyższe","Robert.Kropiwnicki@sejm.pl","Robert Kropiwnicki","Robert",188,"Kropiwnicki Robert","Kropiwnicki",31838,"menedżer, nauczyciel akademicki",NA,"dolnośląskie",NA,NA
TRUE,"1974-06-26","Bydgoszcz","PiS","Bydgoszcz",4,"wyższe","Piotr.Krol@sejm.pl","Piotr Król","Piotr",189,"Król Piotr","Król",17952,"politolog","Marek","kujawsko-pomorskie",NA,NA
TRUE,"1985-04-22","Jaworzno","KO","Katowice",31,"wyższe","Wojciech.Krol@sejm.pl","Wojciech Król","Wojciech",190,"Król Wojciech","Król",7136,"parlamentarzysta, urzędnik samorządowy","Piotr","śląskie",NA,NA
TRUE,"1981-10-30","Warszawa","PiS","Kielce",33,"wyższe","Anna.Krupka@sejm.pl","Anna Krupka","Anna",191,"Krupka Anna","Krupka",39854,"socjolog","Maria","świętokrzyskie",NA,NA
TRUE,"1960-06-09","Ostrowiec Świętokrzyski","PiS","Kielce",33,"wyższe","Andrzej.Kryj@sejm.pl","Andrzej Kryj","Andrzej",192,"Kryj Andrzej","Kryj",6968,"urzędnik samorządowy","Michał","świętokrzyskie",NA,NA
TRUE,"1976-09-18","Zator","PiS","Kraków",12,"wyższe","Mariusz.Krystian@sejm.pl","Mariusz Krystian","Mariusz",193,"Krystian Mariusz","Krystian",11366,"nauczyciel, technik elektryk","Tomasz","małopolskie",NA,NA
TRUE,"1967-10-22","Rybnik","KO","Bielsko-Biała",30,"wyższe","Marek.Krzakala@sejm.pl","Marek Krząkała","Marek",194,"Krząkała Marek","Krząkała",18605,"nauczyciel, tłumacz","Grzegorz","śląskie",NA,NA
TRUE,"1975-01-14","Ciechanów","KO","Płock",16,"wyższe","Adam.Krzeminski@sejm.pl","Adam Krzemiński","Adam",195,"Krzemiński Adam","Krzemiński",6071,"nauczyciel, pracownik administracji samorządowej, technik elektronik",NA,"mazowieckie",NA,NA
TRUE,"1953-03-27","Olsztyn","KO","Słupsk",26,"średnie ogólne","Henryka.Krzywonos-Strycharska@sejm.pl","Henryka Krzywonos-Strycharska","Henryka",196,"Krzywonos-Strycharska Henryka","Krzywonos-Strycharska",8460,"emeryt","Krystyna","pomorskie",NA,NA
TRUE,"1984-07-22","Lubin","PiS","Legnica",1,"wyższe","Krzysztof.Kubow@sejm.pl","Krzysztof Kubów","Krzysztof",197,"Kubów Krzysztof","Kubów",15928,"administratywista","Jan","dolnośląskie",NA,NA
TRUE,"1972-01-21","Wołczyn","Lewica","Zielona Góra",8,"wyższe","Anita.Kucharska-Dziedzic@sejm.pl","Anita Kucharska-Dziedzic","Anita",198,"Kucharska-Dziedzic Anita","Kucharska-Dziedzic",23051,"nauczycielka akademicka, parlamentarzystka","Agnieszka","lubuskie",NA,NA
TRUE,"1955-08-09","Przemyśl","PiS","Krosno",22,"średnie policealne/pomaturalne","Marek.Kuchcinski@sejm.pl","Marek Kuchciński","Marek",199,"Kuchciński Marek","Kuchciński",50519,"urzędnik państwowy","Tadeusz","podkarpackie",NA,NA
TRUE,"1963-06-24","Paczków","Kukiz15","Opole",21,"średnie ogólne","Pawel.Kukiz@sejm.pl","Paweł Kukiz","Paweł",200,"Kukiz Paweł","Kukiz",43292,"muzyk","Piotr","opolskie",NA,NA
TRUE,"1976-04-04","Jędrzejów","Lewica","Olsztyn",35,"wyższe","Marcin.Kulasek@sejm.pl","Marcin Kulasek","Marcin",201,"Kulasek Marcin","Kulasek",11514,"parlamentarzysta","Robert","warmińsko-mazurskie",NA,NA
TRUE,"1954-06-03","Brzostek","PiS","Krosno",22,"wyższe","Maria.Kurowska@sejm.pl","Maria Kurowska","Maria",202,"Kurowska Maria","Kurowska",20813,"parlamentarzysta","Stanisława","podkarpackie",NA,NA
TRUE,"1960-04-14","Myślenice","PiS","Kraków",12,"wyższe","Wladyslaw.Kurowski@sejm.pl","Władysław Kurowski","Władysław",203,"Kurowski Władysław","Kurowski",12320,"pracownik administracji samorządowej","Michał","małopolskie",NA,NA
TRUE,"1956-09-19","Komorowo","PiS","Radom",17,"wyższe","Zbigniew.Kuzmiuk@sejm.pl","Zbigniew Krzysztof Kuźmiuk","Zbigniew",204,"Kuźmiuk Zbigniew Krzysztof","Kuźmiuk",24702,"nauczyciel akademicki","Krzysztof","mazowieckie",NA,NA
TRUE,"1964-09-30","Radom","PiS","Radom",17,"wyższe","Anna.Kwiecien@sejm.pl","Anna Kwiecień","Anna",205,"Kwiecień Anna","Kwiecień",34570,"urzędnik samorządowy",NA,"mazowieckie",NA,NA
TRUE,"1967-09-29","Nowy Sącz","KO","Nowy Sącz",14,"wyższe","Piotr.Lachowicz@sejm.pl","Piotr Lachowicz","Piotr",206,"Lachowicz Piotr","Lachowicz",12918,"ekonomista","Michał","małopolskie",NA,NA
TRUE,"1957-08-12","Brusy","KO","Słupsk",26,"wyższe","Stanislaw.Lamczyk@sejm.pl","Stanisław Lamczyk","Stanisław",207,"Lamczyk Stanisław","Lamczyk",8722,"inżynier mechanik","Józef","pomorskie",NA,NA
TRUE,"1967-06-15","Elbląg","KO","Warszawa",20,"wyższe","Maciej.Lasek@sejm.pl","Maciej Lasek","Maciej",208,"Lasek Maciej","Lasek",20565,"inżynier mechanik, nauczyciel akademicki","Grzegorz","mazowieckie",NA,NA
TRUE,"1960-12-12","Katowice","KO","Bielsko-Biała",30,"wyższe","Gabriela.Lenartowicz@sejm.pl","Gabriela Lenartowicz","Gabriela",209,"Lenartowicz Gabriela","Lenartowicz",16515,"parlamentarzysta","Teresa","śląskie",NA,NA
TRUE,"1976-08-27","Dylągówka","PiS","Rzeszów",23,"wyższe","Ewa.Leniart@sejm.pl","Ewa Leniart","Ewa",210,"Leniart Ewa","Leniart",38795,"prawnik","Maria","podkarpackie",NA,NA
TRUE,"1981-03-28","Warszawa","Polska2050-TD","Wałbrzych",2,"wyższe","Aleksandra.Leo@sejm.pl","Aleksandra Leo","Aleksandra",211,"Leo Aleksandra","Leo",16661,"prawnik","Maria","dolnośląskie",NA,NA
TRUE,"1962-09-03","Częstochowa","KO","Częstochowa",28,"wyższe","Izabela.Leszczyna@sejm.pl","Izabela Leszczyna","Izabela",212,"Leszczyna Izabela","Leszczyna",60549,"nauczyciel","Dorota","śląskie",NA,NA
TRUE,"1969-11-21","Warszawa","PiS","Sieradz",11,"wyższe","Joanna.Lichocka@sejm.pl","Joanna Lichocka","Joanna",213,"Lichocka Joanna","Lichocka",36060,"dziennikarz","Katarzyna","łódzkie",NA,NA
TRUE,"1959-10-11","Starachowice","PiS","Kielce",33,"wyższe","Krzysztof.Lipiec@sejm.pl","Krzysztof Lipiec","Krzysztof",214,"Lipiec Krzysztof","Lipiec",14962,"nauczyciel","Bogdan","świętokrzyskie",NA,NA
TRUE,"1989-05-09","Sosnowiec","Lewica","Katowice",32,"wyższe","Lukasz.Litewka@sejm.pl","Łukasz Litewka","Łukasz",215,"Litewka Łukasz","Litewka",40579,"socjolog","Karol","śląskie",NA,NA
TRUE,"1970-10-31","Piotrków Trybunalski","PiS","Piotrków Trybunalski",10,"wyższe","Grzegorz.Lorek@sejm.pl","Grzegorz Lorek","Grzegorz",216,"Lorek Grzegorz","Lorek",19711,"pracownik administracji samorządowej","Andrzej","łódzkie",NA,NA
TRUE,"1978-07-18","Szczecinek","PSL-TD","Koszalin",40,"wyższe","Radoslaw.Lubczyk@sejm.pl","Radosław Lubczyk","Radosław",217,"Lubczyk Radosław","Lubczyk",14353,"lekarz",NA,"zachodniopomorskie",NA,NA
TRUE,"1969-07-24","Łódź","KO","Warszawa",19,"wyższe","Katarzyna.Lubnauer@sejm.pl","Katarzyna Anna Lubnauer","Katarzyna",218,"Lubnauer Katarzyna Anna","Lubnauer",22529,"nauczyciel akademicki","Anna","mazowieckie",NA,NA
TRUE,"1969-04-30","Piła","Polska2050-TD","Piła",38,"średnie ogólne","Adam.Lubonski@sejm.pl","Adam Luboński","Adam",219,"Luboński Adam","Luboński",8724,"przedsiębiorca prywatny","Sławomir","wielkopolskie",NA,NA
TRUE,"1961-12-05","Trzebiatów","KO","Szczecin",41,"wyższe","Artur.Lacki@sejm.pl","Artur Jarosław Łącki","Artur",220,"Łącki Artur Jarosław","Łącki",6100,"prawnik","Jarosław","zachodniopomorskie",NA,NA
TRUE,"1983-01-01","Łomża","KO","Białystok",24,"wyższe","Alicja.Lepkowska-Golas@sejm.pl","Alicja Łepkowska-Gołaś","Alicja",221,"Łepkowska-Gołaś Alicja","Łepkowska-Gołaś",13511,"archiwista",NA,"podlaskie",NA,NA
TRUE,"1975-08-19","Warszawa","KO","Warszawa",19,"wyższe","Dorota.Loboda@sejm.pl","Dorota Łoboda","Dorota",222,"Łoboda Dorota","Łoboda",10510,"teatrolożka","Ewa","mazowieckie",NA,NA
TRUE,"1975-01-16","Włocławek","KO","Toruń",5,"wyższe","Krystian.Luczak@sejm.pl","Krystian Łuczak","Krystian",223,"Łuczak Krystian","Łuczak",16451,"archeolog","Marek","kujawsko-pomorskie",NA,NA
TRUE,"1991-02-09","Białystok","PiS","Białystok",24,"wyższe","Sebastian.Lukaszewicz@sejm.pl","Sebastian Łukaszewicz","Sebastian",224,"Łukaszewicz Sebastian","Łukaszewicz",11554,"pracownik administracji samorządowej",NA,"podlaskie",NA,NA
TRUE,"1960-08-29","Wrocław","PiS","Legnica",1,"wyższe","Marzena.Machalek@sejm.pl","Marzena Anna Machałek","Marzena",225,"Machałek Marzena Anna","Machałek",18363,"nauczyciel","Anna","dolnośląskie",NA,NA
TRUE,"1948-08-03","Warszawa","PiS","Piotrków Trybunalski",10,"wyższe","Antoni.Macierewicz@sejm.pl","Antoni Macierewicz","Antoni",226,"Macierewicz Antoni","Macierewicz",32496,"historyk",NA,"łódzkie",NA,NA
TRUE,"1964-11-02","Ostrów Wielkopolski","PiS","Kalisz",36,"wyższe","Marlena.Malag@sejm.pl","Marlena Magdalena Maląg","Marlena",227,"Maląg Marlena Magdalena","Maląg",109870,"parlamentarzysta","Magdalena","wielkopolskie",NA,NA
TRUE,"1961-01-11","Sosnowiec","PiS","Katowice",32,"wyższe","Ewa.Malik@sejm.pl","Ewa Malik","Ewa",228,"Malik Ewa","Malik",39498,"inżynier metalurg","Danuta","śląskie",NA,NA
TRUE,"1968-02-28","Warszawa","PSL-TD","Radom",17,"wyższe","Miroslaw.Maliszewski@sejm.pl","Mirosław Maliszewski","Mirosław",229,"Maliszewski Mirosław","Maliszewski",17857,"pracownik administracji samorządowej","Wojciech","mazowieckie",NA,NA
TRUE,"1974-10-09","Warszawa","PiS","Płock",16,"wyższe","Maciej.Malecki@sejm.pl","Maciej Małecki","Maciej",230,"Małecki Maciej","Małecki",33696,"historyk",NA,"mazowieckie",NA,NA
TRUE,"1986-01-18","Szczecin","KO","Szczecin",41,"wyższe","Arkadiusz.Marchewka@sejm.pl","Arkadiusz Marchewka","Arkadiusz",231,"Marchewka Arkadiusz","Marchewka",33222,"nauczyciel akademicki",NA,"zachodniopomorskie",NA,NA
TRUE,"1978-12-15","Zakopane","KO","Kraków",13,"wyższe","Jagna.Marczulajtis-Walczak@sejm.pl","Jagna Marczułajtis-Walczak","Jagna",232,"Marczułajtis-Walczak Jagna","Marczułajtis-Walczak",35573,"nauczyciel, trener","Kinga","małopolskie",NA,NA
TRUE,"1973-12-28","Krzeszowice","KO","Kraków",13,"wyższe","Dorota.Marek@sejm.pl","Dorota Marek","Dorota",233,"Marek Dorota","Marek",14141,"przedsiębiorca prywatny",NA,"małopolskie",NA,NA
TRUE,"1989-02-06","Szczecin","PiS","Szczecin",41,"wyższe","Dariusz.Matecki@sejm.pl","Dariusz Matecki","Dariusz",234,"Matecki Dariusz","Matecki",14974,"prawnik","Piotr","zachodniopomorskie",NA,NA
TRUE,"1956-03-25","Zielona Góra","PiS","Zielona Góra",8,"wyższe","Jerzy.Materna@sejm.pl","Jerzy Materna","Jerzy",235,"Materna Jerzy","Materna",17470,"inżynier budownictwa","Marian","lubuskie",NA,NA
TRUE,"1961-02-24","Jaworzno","PiS","Bielsko-Biała",30,"wyższe","Grzegorz.Matusiak@sejm.pl","Grzegorz Matusiak","Grzegorz",236,"Matusiak Grzegorz","Matusiak",12690,"parlamentarzysta",NA,"śląskie",NA,NA
TRUE,"1975-06-29","Gorlice","KO","Kraków",13,"wyższe","Katarzyna.Matusik-Lipiec@sejm.pl","Katarzyna Matusik-Lipiec","Katarzyna",237,"Matusik-Lipiec Katarzyna","Matusik-Lipiec",9261,"menedżer","Irena","małopolskie",NA,NA
TRUE,"1959-08-14","Zgierz","PiS","Sieradz",11,"średnie zawodowe","Marek.Matuszewski@sejm.pl","Marek Matuszewski","Marek",238,"Matuszewski Marek","Matuszewski",17412,"parlamentarzysta",NA,"łódzkie",NA,NA
TRUE,"1984-10-02","Kutno","Lewica","Sieradz",11,"wyższe","Paulina.Matysiak@sejm.pl","Paulina Matysiak","Paulina",239,"Matysiak Paulina","Matysiak",17695,"filolog",NA,"łódzkie",NA,NA
TRUE,"1991-05-15","Zielona Góra","PiS","Zielona Góra",8,"wyższe","Lukasz.Mejza@sejm.pl","Łukasz Mejza","Łukasz",240,"Mejza Łukasz","Mejza",10162,"przedsiębiorca prywatny",NA,"lubuskie",NA,NA
TRUE,"1986-11-20","Toruń","Konfederacja","Warszawa",19,"wyższe","Slawomir.Mentzen@sejm.pl","Sławomir Mentzen","Sławomir",241,"Mentzen Sławomir","Mentzen",101269,"doradca podatkowy","Jerzy","mazowieckie",NA,NA
TRUE,"1958-07-18","Radomsko","PiS","Piotrków Trybunalski",10,"wyższe","Anna.Milczanowska@sejm.pl","Anna Milczanowska","Anna",242,"Milczanowska Anna","Milczanowska",22595,"pracownik administracji samorządowej","Maria","łódzkie",NA,NA
TRUE,"1989-11-22","Chicago (Usa)","PiS","Siedlce",18,"wyższe","Daniel.Milewski@sejm.pl","Daniel Milewski","Daniel",243,"Milewski Daniel","Milewski",44145,"nauczyciel akademicki, parlamentarzysta, polityk, prawnik","George","mazowieckie",NA,NA
FALSE,"1954-07-16","Kielce","KO","Opole",21,"wyższe","Rajmund.Miller@sejm.pl","Rajmund Miller","Rajmund",244,"Miller Rajmund","Miller",11835,"lekarz","Tadeusz","opolskie","Zgon","Zmarł"
TRUE,"1980-08-07","Kraków","KO","Kraków",13,"wyższe","Aleksander.Miszalski@sejm.pl","Aleksander Miszalski","Aleksander",245,"Miszalski Aleksander","Miszalski",29414,"przedsiębiorca prywatny","Jan","małopolskie",NA,NA
TRUE,"1968-06-20","Wrocław","PiS","Katowice",31,"wyższe","Mateusz.Morawiecki@sejm.pl","Mateusz Morawiecki","Mateusz",246,"Morawiecki Mateusz","Morawiecki",117064,"polityk","Jakub","śląskie",NA,NA
TRUE,"1956-12-19","Lubin","PiS","Kalisz",36,"wyższe","Jan.Mosinski@sejm.pl","Jan Mosiński","Jan",247,"Mosiński Jan","Mosiński",7321,"politolog",NA,"wielkopolskie",NA,NA
TRUE,"1994-05-06","Janów Lubelski","PiS","Lublin",6,"wyższe","Michal.Moskal@sejm.pl","Michał Moskal","Michał",248,"Moskal Michał","Moskal",21958,"prawnik",NA,"lubelskie",NA,NA
TRUE,"1964-07-20","Kałuszyn","KO","Siedlce",18,"wyższe","Czeslaw.Mroczek@sejm.pl","Czesław Mroczek","Czesław",249,"Mroczek Czesław","Mroczek",11648,"prawnik",NA,"mazowieckie",NA,NA
TRUE,"1953-12-09","Chojnice","PiS","Słupsk",26,"wyższe","Aleksander.Mrowczynski@sejm.pl","Aleksander Mikołaj Mrówczyński","Aleksander",250,"Mrówczyński Aleksander Mikołaj","Mrówczyński",15125,"parlamentarzysta","Mikołaj","pomorskie",NA,NA
TRUE,"1959-05-20","Wałbrzych","KO","Wałbrzych",2,"wyższe","Izabela.Mrzyglocka@sejm.pl","Izabela Katarzyna Mrzygłocka","Izabela",251,"Mrzygłocka Izabela Katarzyna","Mrzygłocka",14470,"ekonomista","Katarzyna","dolnośląskie",NA,NA
TRUE,"1976-04-12","Płońsk","Polska2050-TD","Lublin",6,"wyższe","Joanna.Mucha@sejm.pl","Joanna Mucha","Joanna",252,"Mucha Joanna","Mucha",32563,"nauczyciel akademicki",NA,"lubelskie",NA,NA
TRUE,"1971-02-04","Racibórz","PiS","Nowy Sącz",14,"wyższe","Arkadiusz.Mularczyk@sejm.pl","Arkadiusz Mularczyk","Arkadiusz",253,"Mularczyk Arkadiusz","Mularczyk",62758,"adwokat",NA,"małopolskie",NA,NA
TRUE,"1985-06-24","Siedlce","Konfederacja","Siedlce",18,"wyższe","Krzysztof.Mulawa@sejm.pl","Krzysztof Mulawa","Krzysztof",254,"Mulawa Krzysztof","Mulawa",14043,"ekspert ds. kontrolingu",NA,"mazowieckie",NA,NA
TRUE,"1989-05-02","Słupsk","PiS","Słupsk",26,"wyższe","Piotr.Muller@sejm.pl","Piotr Müller","Piotr",255,"Müller Piotr","Müller",72813,"prawnik, urzędnik państwowy","Józef","pomorskie",NA,NA
TRUE,"1984-02-01","Toruń","KO","Toruń",5,"wyższe","Arkadiusz.Myrcha@sejm.pl","Arkadiusz Myrcha","Arkadiusz",256,"Myrcha Arkadiusz","Myrcha",64452,"radca prawny",NA,"kujawsko-pomorskie",NA,NA
TRUE,"1974-03-18","Szczecin","KO","Szczecin",41,"wyższe","Grzegorz.Napieralski@sejm.pl","Grzegorz Bernard Napieralski","Grzegorz",257,"Napieralski Grzegorz Bernard","Napieralski",7239,"politolog","Bernard","zachodniopomorskie",NA,NA
TRUE,"1964-08-20","Oświęcim","KO","Kraków",12,"wyższe","Dorota.Niedziela@sejm.pl","Dorota Niedziela","Dorota",258,"Niedziela Dorota","Niedziela",28783,"lekarz weterynarii",NA,"małopolskie",NA,NA
TRUE,"1975-06-13","Suwałki","KO","Białystok",24,"wyższe","Jacek.Niedzwiedzki@sejm.pl","Jacek Niedźwiedzki","Jacek",259,"Niedźwiedzki Jacek","Niedźwiedzki",9063,"specjalista ds. zarządzania",NA,"podlaskie",NA,NA
TRUE,"1969-10-25","Łódź","KO","Łódź",9,"wyższe","Malgorzata.Niemczyk@sejm.pl","Małgorzata Niemczyk","Małgorzata",260,"Niemczyk Małgorzata","Niemczyk",20959,"ekonomista, nauczyciel, trener","Barbara","łódzkie",NA,NA
TRUE,"1991-02-26","Kłobuck","KO","Wrocław",3,"wyższe","Jolanta.Niezgodzka@sejm.pl","Jolanta Niezgodzka","Jolanta",261,"Niezgodzka Jolanta","Niezgodzka",7262,NA,"Magdalena","dolnośląskie",NA,NA
TRUE,"1973-04-26","Połczyn-Zdrój","KO","Szczecin",41,"wyższe","Slawomir.Nitras@sejm.pl","Sławomir Nitras","Sławomir",262,"Nitras Sławomir","Nitras",90720,"parlamentarzysta",NA,"zachodniopomorskie",NA,NA
TRUE,"1975-05-10","Warszawa","KO","Słupsk",26,"wyższe","Barbara.Nowacka@sejm.pl","Barbara Nowacka","Barbara",263,"Nowacka Barbara","Nowacka",139524,"informatyk","Anna","pomorskie",NA,NA
TRUE,"1987-07-07","Nowa Sól","Polska2050-TD","Zielona Góra",8,"wyższe","Maja.Nowak@sejm.pl","Maja Ewa Nowak","Maja",264,"Nowak Maja Ewa","Nowak",25109,"pedagog","Ewa","lubuskie",NA,NA
TRUE,"1956-12-22","Kwidzyn","KO","Konin",37,"wyższe","Tomasz.Nowak@sejm.pl","Tomasz Piotr Nowak","Tomasz",265,"Nowak Tomasz Piotr","Nowak",15495,"przedsiębiorca prywatny","Piotr","wielkopolskie",NA,NA
TRUE,"1956-11-21","Lublin","Lewica","Katowice",29,"wyższe","Wanda.Nowicka@sejm.pl","Wanda Nowicka","Wanda",266,"Nowicka Wanda","Nowicka",16882,"filolożka","Hanna","śląskie",NA,NA
TRUE,"1978-09-29","Limanowa","PSL-TD","Nowy Sącz",14,"wyższe","Urszula.Nowogorska@sejm.pl","Urszula Nowogórska","Urszula",267,"Nowogórska Urszula","Nowogórska",24388,"pielęgniarka, pracownik administracji samorządowej","Teresa","małopolskie",NA,NA
TRUE,"1953-09-23","Wańkowa","KO","Bielsko-Biała",27,"wyższe","Miroslawa.Nykiel@sejm.pl","Mirosława Nykiel","Mirosława",268,"Nykiel Mirosława","Nykiel",49436,"menedżer, przedsiębiorca prywatny",NA,"śląskie",NA,NA
TRUE,"1984-10-21","Opole","PiS","Opole",21,"wyższe","Marcin.Ociepa@sejm.pl","Marcin Ociepa","Marcin",269,"Ociepa Marcin","Ociepa",40418,"nauczyciel akademicki","Michał","opolskie",NA,NA
TRUE,"1972-05-20","Skarżysko-Kamienna","KO","Kielce",33,"wyższe","Marzena.Okla-Drewnowicz@sejm.pl","Marzena Okła-Drewnowicz","Marzena",270,"Okła-Drewnowicz Marzena","Okła-Drewnowicz",64990,"urzędnik samorządowy",NA,"świętokrzyskie",NA,NA
TRUE,"1973-12-04","Siemiatycze","Polska2050-TD","Białystok",24,"wyższe","Barbara.Okula@sejm.pl","Barbara Okuła","Barbara",271,"Okuła Barbara","Okuła",3482,"ekonomista",NA,"podlaskie",NA,NA
TRUE,"1977-01-07","Kalisz","Polska2050-TD","Kalisz",36,"wyższe","Barbara.Oliwiecka@sejm.pl","Barbara Oliwiecka","Barbara",272,"Oliwiecka Barbara","Oliwiecka",12214,"menedżer, trener kadry menedżerskiej","Anna","wielkopolskie",NA,NA
TRUE,"1988-01-13","Siedlce","Lewica","Warszawa",19,"wyższe","Dorota.Olko@sejm.pl","Dorota Olko","Dorota",273,"Olko Dorota","Olko",44188,"socjolog","Zofia","mazowieckie",NA,NA
TRUE,"1979-12-11","Bydgoszcz","KO","Bydgoszcz",4,"wyższe","Pawel.Olszewski@sejm.pl","Paweł Olszewski","Paweł",274,"Olszewski Paweł","Olszewski",35289,"ekonomista","Bartosz","kujawsko-pomorskie",NA,NA
TRUE,"1986-07-21","Warszawa","PSL-TD","Płock",16,"wyższe","Miroslaw.Orlinski@sejm.pl","Mirosław Adam Orliński","Mirosław",275,"Orliński Mirosław Adam","Orliński",9066,"prawnik","Adam","mazowieckie",NA,NA
TRUE,"1977-06-17","Mikołów","Polska2050-TD","Bielsko-Biała",30,"wyższe","Lukasz.Osmalak@sejm.pl","Łukasz Osmalak","Łukasz",276,"Osmalak Łukasz","Osmalak",19616,"inżynier informatyk","Tomasz","śląskie",NA,NA
TRUE,"1980-11-17","Świebodzin","KO","Zielona Góra",8,"wyższe","Katarzyna.Osos@sejm.pl","Katarzyna Osos","Katarzyna",277,"Osos Katarzyna","Osos",11832,"radca prawny",NA,"lubuskie",NA,NA
TRUE,"1958-08-28","Olkusz","PiS","Kraków",13,"wyższe","Jacek.Osuch@sejm.pl","Jacek Osuch","Jacek",278,"Osuch Jacek","Osuch",10386,"inżynier mechanik","Piotr","małopolskie",NA,NA
TRUE,"1991-09-22","Warszawa","PiS","Płock",16,"wyższe","Jacek.Ozdoba@sejm.pl","Jacek Ozdoba","Jacek",279,"Ozdoba Jacek","Ozdoba",19637,"prawnik","Dawid","mazowieckie",NA,NA
TRUE,"1956-12-28","Lubaczów","PiS","Krosno",22,"wyższe","Teresa.Pamula@sejm.pl","Teresa Pamuła","Teresa",280,"Pamuła Teresa","Pamuła",15273,"inżynier ogrodnik",NA,"podkarpackie",NA,NA
TRUE,"1977-02-13","Starogard Gdański","KO","Olsztyn",35,"wyższe","Pawel.Papke@sejm.pl","Paweł Papke","Paweł",281,"Papke Paweł","Papke",27023,"pedagog",NA,"warmińsko-mazurskie",NA,NA
TRUE,"1977-01-28","Biskupiec","PSL-TD","Olsztyn",35,"wyższe","Urszula.Paslawska@sejm.pl","Urszula Pasławska","Urszula",282,"Pasławska Urszula","Pasławska",26992,"prawnik","Stefania","warmińsko-mazurskie",NA,NA
TRUE,"1979-04-10","Poznań","PSL-TD","Piła",38,"wyższe","Krzysztof.Paszyk@sejm.pl","Krzysztof Paszyk","Krzysztof",283,"Paszyk Krzysztof","Paszyk",27642,"prawnik","Michał","wielkopolskie",NA,NA
TRUE,"1976-06-25","Godziesze Wielkie","KO","Kalisz",36,"wyższe","Karolina.Pawliczak@sejm.pl","Karolina Pawliczak","Karolina",284,"Pawliczak Karolina","Pawliczak",21819,"prawnik","Monika","wielkopolskie",NA,NA
TRUE,"1985-04-04","Świdnik","Konfederacja","Lublin",6,"wyższe","Bartlomiej.Pejo@sejm.pl","Bartłomiej Pejo","Bartłomiej",285,"Pejo Bartłomiej","Pejo",26037,"inżynier, menedżer","Artur","lubelskie",NA,NA
TRUE,"1972-07-06","Wrocław","Polska2050-TD","Warszawa",19,"wyższe","Ryszard.Petru@sejm.pl","Ryszard Petru","Ryszard",286,"Petru Ryszard","Petru",24192,"doradca finansowy","Jerzy","mazowieckie",NA,NA
TRUE,"1961-06-10","Kocierz Rydzwałdzki","KO","Bielsko-Biała",27,"wyższe","Malgorzata.Pepek@sejm.pl","Małgorzata Pępek","Małgorzata",287,"Pępek Małgorzata","Pępek",22184,"ekonomista","Anna","śląskie",NA,NA
TRUE,"1954-09-19","Rybnik","PiS","Bielsko-Biała",30,"wyższe","Boleslaw.Piecha@sejm.pl","Bolesław Piecha","Bolesław",288,"Piecha Bolesław","Piecha",32427,"lekarz","Grzegorz","śląskie",NA,NA
TRUE,"1963-09-14","Piła","PiS","Piła",38,"wyższe","Grzegorz.Piechowiak@sejm.pl","Grzegorz Piechowiak","Grzegorz",289,"Piechowiak Grzegorz","Piechowiak",13122,"nadzorca sądowy, syndyk, zarządca nieruchomości",NA,"wielkopolskie",NA,NA
TRUE,"1977-02-15","Tuchów","PiS","Tarnów",15,"wyższe","Anna.Pieczarka@sejm.pl","Anna Pieczarka","Anna",290,"Pieczarka Anna","Pieczarka",71199,"polityk, pracownik administracji samorządowej","Maria","małopolskie",NA,NA
TRUE,"1967-09-23","Warszawa","KO","Warszawa",19,"wyższe","Katarzyna.Piekarska@sejm.pl","Katarzyna Maria Piekarska","Katarzyna",291,"Piekarska Katarzyna Maria","Piekarska",8748,"radca prawny","Maria","mazowieckie",NA,NA
TRUE,"1973-12-17","Mława","Polska2050-TD","Bydgoszcz",4,"wyższe","Norbert.Pietrykowski@sejm.pl","Norbert Pietrykowski","Norbert",292,"Pietrykowski Norbert","Pietrykowski",27596,"analityk medyczny","jerzy","kujawsko-pomorskie",NA,NA
TRUE,"1960-03-24","Bilcza","KO","Kielce",33,"wyższe","Lucjan.Pietrzczyk@sejm.pl","Lucjan Marek Pietrzczyk","Lucjan",293,"Pietrzczyk Lucjan Marek","Pietrzczyk",5826,"nauczyciel","Marek","świętokrzyskie",NA,NA
TRUE,"1964-12-17","Sielc","PiS","Białystok",24,"wyższe","Dariusz.Piontkowski@sejm.pl","Dariusz Piontkowski","Dariusz",294,"Piontkowski Dariusz","Piontkowski",22147,"nauczyciel",NA,"podlaskie",NA,NA
TRUE,"1958-05-03","Domatowo","KO","Słupsk",26,"wyższe","Kazimierz.Plocke@sejm.pl","Kazimierz Plocke","Kazimierz",295,"Plocke Kazimierz","Plocke",8154,"inżynier rolnik","Florian","pomorskie",NA,NA
TRUE,"1978-05-13","Tarnowskie Góry","Konfederacja","Katowice",31,"wyższe","Grzegorz.Placzek@sejm.pl","Grzegorz Adam Płaczek","Grzegorz",296,"Płaczek Grzegorz Adam","Płaczek",18648,"nauczyciel, przedsiębiorca prywatny","Adam","śląskie",NA,NA
TRUE,"1989-05-10","Gdańsk","PiS","Gdańsk",25,"wyższe","Kacper.Plazynski@sejm.pl","Kacper Płażyński","Kacper",297,"Płażyński Kacper","Płażyński",100445,"adwokat","Maciej","pomorskie",NA,NA
TRUE,"1985-09-22","Bolesławiec","PiS","Legnica",1,"wyższe","Szymon.Pogoda@sejm.pl","Szymon Pogoda","Szymon",298,"Pogoda Szymon","Pogoda",10117,"menedżer","Marek","dolnośląskie",NA,NA
TRUE,"1961-08-24","Piekary Śląskie","PiS","Katowice",31,"wyższe","Jerzy.Polaczek@sejm.pl","Jerzy Polaczek","Jerzy",299,"Polaczek Jerzy","Polaczek",5996,"prawnik","Jan","śląskie",NA,NA
TRUE,"1959-09-06","Przemków","KO","Zielona Góra",8,"wyższe","Elzbieta.Polak@sejm.pl","Elżbieta Anna Polak","Elżbieta",300,"Polak Elżbieta Anna","Polak",78475,"administratywista","Anna","lubuskie",NA,NA
TRUE,"1961-01-20","Grabinka","PiS","Sieradz",11,"wyższe","Piotr.Polak@sejm.pl","Piotr Polak","Piotr",301,"Polak Piotr","Polak",23845,"inżynier mechanizacji rolnictwa",NA,"łódzkie",NA,NA
TRUE,"1980-01-08","Gdynia","KO","Gdańsk",25,"wyższe","Agnieszka.Pomaska@sejm.pl","Agnieszka Pomaska","Agnieszka",302,"Pomaska Agnieszka","Pomaska",83590,"politolog","Dominika","pomorskie",NA,NA
TRUE,"1984-07-20","Kielce","PiS","Piła",38,"wyższe","Marcin.Porzucek@sejm.pl","Marcin Porzucek","Marcin",303,"Porzucek Marcin","Porzucek",28293,"politolog","Bartosz","wielkopolskie",NA,NA
TRUE,"1964-01-15","Lidzbark Warmiński","KO","Elbląg",34,"wyższe","Jacek.Protas@sejm.pl","Jacek Protas","Jacek",304,"Protas Jacek","Protas",35745,"nauczyciel, trener",NA,"warmińsko-mazurskie",NA,NA
TRUE,"1985-06-26","Wieluń","PiS","Sieradz",11,"wyższe","Marcin.Przydacz@sejm.pl","Marcin Przydacz","Marcin",305,"Przydacz Marcin","Przydacz",30423,"adwokat","Paweł","łódzkie",NA,NA
TRUE,"1982-07-13","Bielsko-Biała","PiS","Bielsko-Biała",27,"wyższe","Grzegorz.Puda@sejm.pl","Grzegorz Puda","Grzegorz",306,"Puda Grzegorz","Puda",33728,"menedżer marketingu","Paweł","śląskie",NA,NA
TRUE,"1975-06-07","Poznań","PSL-TD","Konin",37,"wyższe","Michal.Pyrzyk@sejm.pl","Michał Pyrzyk","Michał",307,"Pyrzyk Michał","Pyrzyk",10304,"prawnik",NA,"wielkopolskie",NA,NA
TRUE,"1973-06-29","Szczecinek","KO","Koszalin",40,"wyższe","Renata.Rak@sejm.pl","Renata Rak","Renata",308,"Rak Renata","Rak",9170,"nauczyciel","Urszula","zachodniopomorskie",NA,NA
TRUE,"1972-09-30","Proszowice","PSL-TD","Kraków",13,"wyższe","Ireneusz.Ras@sejm.pl","Ireneusz Raś","Ireneusz",309,"Raś Ireneusz","Raś",27518,"urzędnik samorządowy",NA,"małopolskie",NA,NA
TRUE,"1955-02-03","Łódź","PiS","Łódź",9,"wyższe","Zbigniew.Rau@sejm.pl","Zbigniew Rau","Zbigniew",310,"Rau Zbigniew","Rau",32387,"nauczyciel akademicki","Włodzimierz","łódzkie",NA,NA
TRUE,"1976-01-20","Skrwilno","PiS","Chełm",7,"wyższe","Marcin.Romanowski@sejm.pl","Marcin Romanowski","Marcin",311,"Romanowski Marcin","Romanowski",17318,"nauczyciel akademicki, prawnik",NA,"lubelskie",NA,NA
TRUE,"1988-06-14","Lesko","Polska2050-TD","Krosno",22,"wyższe","Bartosz.Romowicz@sejm.pl","Bartosz Romowicz","Bartosz",312,"Romowicz Bartosz","Romowicz",21527,"prawnik",NA,"podkarpackie",NA,NA
TRUE,"1986-04-24","Czeladź","KO","Katowice",31,"wyższe","Monika.Rosa@sejm.pl","Monika Rosa","Monika",313,"Rosa Monika","Rosa",44857,"politolog","Anna","śląskie",NA,NA
TRUE,"1968-06-26","Biłgoraj","PSL-TD","Chełm",7,"wyższe","Wieslaw.Rozynski@sejm.pl","Wiesław Różyński","Wiesław",314,"Różyński Wiesław","Różyński",17237,"pracownik administracji samorządowej","Marian","lubelskie",NA,NA
TRUE,"1966-09-11","Kraków","PiS","Tarnów",15,"wyższe","Urszula.Rusecka@sejm.pl","Urszula Rusecka","Urszula",315,"Rusecka Urszula","Rusecka",17080,"ekonomista, pracownik samorządowy","Beata","małopolskie",NA,NA
FALSE,"1983-02-28","Leszno","KO","Kalisz",36,"wyższe","Grzegorz.Rusiecki@sejm.pl","Grzegorz Rusiecki","Grzegorz",316,"Rusiecki Grzegorz","Rusiecki",22410,"prawnik","Stanisław","wielkopolskie","Zrzeczenie","Wybrany na funkcję Prezydenta Miasta Leszna"
TRUE,"1978-12-03","Szamotuły","KO","Piła",38,"wyższe","Jakub.Rutnicki@sejm.pl","Jakub Rutnicki","Jakub",317,"Rutnicki Jakub","Rutnicki",67069,"politolog","Adam","wielkopolskie",NA,NA
TRUE,"1986-12-16","Wieluń","PiS","Sieradz",11,"wyższe","Pawel.Rychlik@sejm.pl","Paweł Rychlik","Paweł",318,"Rychlik Paweł","Rychlik",27361,"farmaceuta","Piotr","łódzkie",NA,NA
TRUE,"1957-10-04","Rzeszów","KO","Krosno",22,"wyższe","Marek.Rzasa@sejm.pl","Marek Rząsa","Marek",319,"Rząsa Marek","Rząsa",13510,"nauczyciel","Zdzisław","podkarpackie",NA,NA
TRUE,"1972-08-22","Szamotuły","PSL-TD","Szczecin",41,"wyższe","Jaroslaw.Rzepa@sejm.pl","Jarosław Rzepa","Jarosław",320,"Rzepa Jarosław","Rzepa",21309,"inżynier ogrodnik","Michał","zachodniopomorskie",NA,NA
TRUE,"1971-10-08","Lublin","Kukiz15","Chełm",7,"wyższe","Jaroslaw.Sachajko@sejm.pl","Jarosław Sachajko","Jarosław",321,"Sachajko Jarosław","Sachajko",33727,"przedsiębiorca prywatny",NA,"lubelskie",NA,NA
TRUE,"1975-06-29","Skierniewice","PiS","Piotrków Trybunalski",10,"wyższe","Pawel.Salek@sejm.pl","Paweł Sałek","Paweł",322,"Sałek Paweł","Sałek",15200,"inżynier mechanik, urzędnik państwowy",NA,"łódzkie",NA,NA
TRUE,"1969-03-27","Jaworzno","KO","Katowice",32,"wyższe","Wojciech.Saluga@sejm.pl","Wojciech Saługa","Wojciech",323,"Saługa Wojciech","Saługa",28781,"ekonomista","Paweł","śląskie",NA,NA
TRUE,"1945-08-08","Gańczary K. Lwowa","PSL-TD","Legnica",1,"wyższe","Tadeusz.Samborski@sejm.pl","Tadeusz Samborski","Tadeusz",324,"Samborski Tadeusz","Samborski",16120,"historyk",NA,"dolnośląskie",NA,NA
TRUE,"1969-11-06","Warszawa","PiS","Białystok",24,"wyższe","Jacek.Sasin@sejm.pl","Jacek Sasin","Jacek",325,"Sasin Jacek","Sasin",59490,"urzędnik państwowy","Robert","podlaskie",NA,NA
TRUE,"1958-04-08","Sawice","PSL-TD","Siedlce",18,"wyższe","Marek.Sawicki@sejm.pl","Marek Sawicki","Marek",326,"Sawicki Marek","Sawicki",25534,"rolnik","Wacław","mazowieckie",NA,NA
TRUE,"1968-09-13","Poznań","Polska2050-TD","Poznań",39,"wyższe","Ewa.Schadler@sejm.pl","Ewa Schädler","Ewa",327,"Schädler Ewa","Schädler",33815,"przedsiębiorca prywatny","Katarzyna","wielkopolskie",NA,NA
TRUE,"1972-02-08","Toruń","Lewica","Toruń",5,"wyższe","Joanna.Scheuring-Wielgus@sejm.pl","Joanna Scheuring-Wielgus","Joanna",328,"Scheuring-Wielgus Joanna","Scheuring-Wielgus",35193,"socjolog","Izabela","kujawsko-pomorskie",NA,NA
TRUE,"1978-11-11","Jarosław","PiS","Krosno",22,"wyższe","Anna.Schmidt@sejm.pl","Anna Schmidt","Anna",329,"Schmidt Anna","Schmidt",28692,"socjolog","Katarzyna","podkarpackie",NA,NA
TRUE,"1987-05-26","Bydgoszcz","PiS","Bydgoszcz",4,"wyższe","Lukasz.Schreiber@sejm.pl","Łukasz Schreiber","Łukasz",330,"Schreiber Łukasz","Schreiber",44413,"urzędnik państwowy",NA,"kujawsko-pomorskie",NA,NA
TRUE,"1963-05-01","Gdynia","PiS","Gdańsk",25,"wyższe","Jaroslaw.Sellin@sejm.pl","Jarosław Sellin","Jarosław",331,"Sellin Jarosław","Sellin",7284,"nauczyciel akademicki","Daniel","pomorskie",NA,NA
TRUE,"1988-12-05","Warszawa","PiS","Olsztyn",35,"wyższe","Olga.Semeniuk-Patkowska@sejm.pl","Olga Ewa Semeniuk-Patkowska","Olga",332,"Semeniuk-Patkowska Olga Ewa","Semeniuk-Patkowska",14183,"wyższy urzędnik państwowy","Ewa","warmińsko-mazurskie",NA,NA
TRUE,"1963-07-07","Rabka","PiS","Nowy Sącz",14,"wyższe","Edward.Siarka@sejm.pl","Edward Siarka","Edward",333,"Siarka Edward","Siarka",18587,"nauczyciel",NA,"małopolskie",NA,NA
TRUE,"1962-06-12","Złocieniec","KO","Zielona Góra",8,"wyższe","Krystyna.Sibinska@sejm.pl","Krystyna Sibińska","Krystyna",334,"Sibińska Krystyna","Sibińska",19415,"inżynier budownictwa","Mieczysława","lubuskie",NA,NA
TRUE,"1952-10-08","Stopnica","PSL-TD","Kielce",33,"wyższe","Czeslaw.Siekierski@sejm.pl","Czesław Siekierski","Czesław",335,"Siekierski Czesław","Siekierski",21916,"nauczyciel akademicki","Adam","świętokrzyskie",NA,NA
TRUE,"1986-09-11","Wejherowo","KO","Słupsk",26,"średnie zawodowe","Rafal.Siemaszko@sejm.pl","Rafał Siemaszko","Rafał",336,"Siemaszko Rafał","Siemaszko",15494,NA,NA,"pomorskie",NA,NA
TRUE,"1967-07-02","Wałbrzych","KO","Opole",21,"wyższe","Tomasz.Siemoniak@sejm.pl","Tomasz Siemoniak","Tomasz",337,"Siemoniak Tomasz","Siemoniak",46223,"ekonomista",NA,"opolskie",NA,NA
TRUE,"1961-07-29","Kielce","KO","Kraków",13,"wyższe","Bartlomiej.Sienkiewicz@sejm.pl","Bartłomiej Sienkiewicz","Bartłomiej",338,"Sienkiewicz Bartłomiej","Sienkiewicz",95873,"archiwista, historyk","Henryk","małopolskie",NA,NA
TRUE,"1973-06-20","Głubczyce","Lewica","Legnica",1,"wyższe","Arkadiusz.Sikora@sejm.pl","Arkadiusz Sikora","Arkadiusz",339,"Sikora Arkadiusz","Sikora",12048,"ekonomista","-","dolnośląskie",NA,NA
TRUE,"1959-06-10","Radomsko","Konfederacja","Opole",21,"średnie policealne/pomaturalne","Wlodzimierz.Skalik@sejm.pl","Włodzimierz Skalik","Włodzimierz",340,"Skalik Włodzimierz","Skalik",15190,NA,"Bogdan","opolskie",NA,NA
TRUE,"1978-11-09","Chełmno","Polska2050-TD","Toruń",5,"wyższe","Marcin.Skonieczka@sejm.pl","Marcin Skonieczka","Marcin",341,"Skonieczka Marcin","Skonieczka",11864,"ekonomista, urzędnik samorządowy","Seweryn","kujawsko-pomorskie",NA,NA
TRUE,"1954-07-22","Mielec","KO","Rzeszów",23,"wyższe","Krystyna.Skowronska@sejm.pl","Krystyna Skowrońska","Krystyna",342,"Skowrońska Krystyna","Skowrońska",14901,"bankowiec",NA,"podkarpackie",NA,NA
TRUE,"1963-11-25","Radzyń Podlaski","PiS","Lublin",6,"wyższe","Slawomir.Skwarek@sejm.pl","Sławomir Skwarek","Sławomir",343,"Skwarek Sławomir","Skwarek",12427,"nauczyciel",NA,"lubelskie",NA,NA
TRUE,"1971-09-09","Sulechów","KO","Zielona Góra",8,"wyższe","Waldemar.Slugocki@sejm.pl","Waldemar Sługocki","Waldemar",344,"Sługocki Waldemar","Sługocki",25037,"nauczyciel akademicki, urzędnik","Jan","lubuskie",NA,NA
TRUE,"1990-04-08","Rabka-Zdrój","KO","Nowy Sącz",14,"wyższe","Weronika.Smarduch@sejm.pl","Weronika Smarduch","Weronika",345,"Smarduch Weronika","Smarduch",27031,"ekspert ds. kontrolingu","Anna","małopolskie",NA,NA
TRUE,"1955-07-15","Malbork","PiS","Gdańsk",25,"wyższe","Kazimierz.Smolinski@sejm.pl","Kazimierz Smoliński","Kazimierz",346,"Smoliński Kazimierz","Smoliński",16177,"adwokat",NA,"pomorskie",NA,NA
TRUE,"1979-11-02","Lublin","KO","Wrocław",3,"wyższe","Anna.Sobolak@sejm.pl","Anna Sobolak","Anna",347,"Sobolak Anna","Sobolak",7675,NA,"Helena","dolnośląskie",NA,NA
TRUE,"1978-09-20","Radymno","PiS","Rzeszów",23,"wyższe","Krzysztof.Sobolewski@sejm.pl","Krzysztof Sobolewski","Krzysztof",348,"Sobolewski Krzysztof","Sobolewski",18390,"administratywista",NA,"podkarpackie",NA,NA
FALSE,"1977-03-13","Świdnik","PiS","Lublin",6,"wyższe","Artur.Sobon@sejm.pl","Artur Soboń","Artur",349,"Soboń Artur","Soboń",32357,"pracownik samorządowy",NA,"lubelskie","Zrzeczenie","Powołany na członka Zarządu Narodowego Banku Polskiego"
TRUE,"1977-02-09","Szczytno","PiS","Wrocław",3,"wyższe","Agnieszka.Soin@sejm.pl","Agnieszka Anna Soin","Agnieszka",350,"Soin Agnieszka Anna","Soin",18645,"parlamentarzysta","Anna","dolnośląskie",NA,NA
TRUE,"1963-12-10","Rypin","PSL-TD","Toruń",5,"wyższe","Zbigniew.Sosnowski@sejm.pl","Zbigniew Sosnowski","Zbigniew",351,"Sosnowski Zbigniew","Sosnowski",27070,"nauczyciel",NA,"kujawsko-pomorskie",NA,NA
TRUE,"1967-02-04","Libiąż","KO","Kraków",12,"wyższe","Marek.Sowa@sejm.pl","Marek Sowa","Marek",352,"Sowa Marek","Sowa",24652,"wyższy urzędnik państwowy","Jan","małopolskie",NA,NA
TRUE,"1986-02-05","Ostrów Wielkopolski","PiS","Kalisz",36,"wyższe","Katarzyna.Sojka@sejm.pl","Katarzyna Sójka","Katarzyna",353,"Sójka Katarzyna","Sójka",18138,"lekarz - specjalista chorób wewnętrznych",NA,"wielkopolskie",NA,NA
TRUE,"1979-07-15","Gdańsk","PSL-TD","Gdańsk",25,"wyższe","Magdalena.Sroka@sejm.pl","Magdalena Sroka","Magdalena",354,"Sroka Magdalena","Sroka",18348,"menedżer","Joanna","pomorskie",NA,NA
TRUE,"1973-07-08","Świebodzin","PiS","Wrocław",3,"wyższe","Miroslawa.Stachowiak-Rozecka@sejm.pl","Mirosława Stachowiak-Różecka","Mirosława",355,"Stachowiak-Różecka Mirosława","Stachowiak-Różecka",97193,"pedagog specjalny","Agnieszka","dolnośląskie",NA,NA
TRUE,"1981-05-10","Biała Podlaska","PiS","Chełm",7,"wyższe","Dariusz.Stefaniuk@sejm.pl","Dariusz Stefaniuk","Dariusz",356,"Stefaniuk Dariusz","Stefaniuk",29710,"politolog","Paweł","lubelskie",NA,NA
TRUE,"1988-03-17","Poznań","KO","Poznań",39,"wyższe","Franciszek.Sterczewski@sejm.pl","Franciszek Sterczewski","Franciszek",357,"Sterczewski Franciszek","Sterczewski",10108,"architekt","Wojciech","wielkopolskie",NA,NA
TRUE,"1982-01-10","Częstochowa","Polska2050-TD","Katowice",29,"wyższe","Piotr.Strach@sejm.pl","Piotr Paweł Strach","Piotr",358,"Strach Piotr Paweł","Strach",17634,"menedżer, nauczyciel","Paweł","śląskie",NA,NA
TRUE,"1976-01-10","Bielsko-Biała","Polska2050-TD","Bielsko-Biała",27,"wyższe","Miroslaw.Suchon@sejm.pl","Mirosław Suchoń","Mirosław",359,"Suchoń Mirosław","Suchoń",30897,"ekonomista, informatyk","Tadeusz","śląskie",NA,NA
TRUE,"1958-06-11","Grójec","PiS","Radom",17,"średnie policealne/pomaturalne","Marek.Suski@sejm.pl","Marek Suski","Marek",360,"Suski Marek","Suski",37853,"specjalista ds. marketingu",NA,"mazowieckie",NA,NA
TRUE,"1964-06-10","Wałcz","KO","Koszalin",40,"wyższe","Pawel.Suski@sejm.pl","Paweł Suski","Paweł",361,"Suski Paweł","Suski",5934,"parlamentarzysta",NA,"zachodniopomorskie",NA,NA
TRUE,"1967-10-03","Szczecin","PiS","Szczecin",41,"wyższe","Artur.Szalabawka@sejm.pl","Artur Szałabawka","Artur",362,"Szałabawka Artur","Szałabawka",15446,"pracownik administracji państwowej","Lesław","zachodniopomorskie",NA,NA
TRUE,"1955-12-16","Bytom","PiS","Katowice",29,"wyższe","Wojciech.Szarama@sejm.pl","Wojciech Szarama","Wojciech",363,"Szarama Wojciech","Szarama",12185,"adwokat","Piotr","śląskie",NA,NA
TRUE,"1960-06-01","Chrośnica","Lewica","Kalisz",36,"wyższe","Wieslaw.Szczepanski@sejm.pl","Wiesław Szczepański","Wiesław",364,"Szczepański Wiesław","Szczepański",13668,"ekonomista","Andrzej","wielkopolskie",NA,NA
TRUE,"1977-12-14","Warszawa","KO","Warszawa",19,"wyższe","Michal.Szczerba@sejm.pl","Michał Szczerba","Michał",365,"Szczerba Michał","Szczerba",28653,"urzędnik państwowy","Roch","mazowieckie",NA,NA
TRUE,"1986-10-18","Elbląg","PiS","Toruń",5,"wyższe","Krzysztof.Szczucki@sejm.pl","Krzysztof Szczucki","Krzysztof",366,"Szczucki Krzysztof","Szczucki",34014,"prawnik","Łukasz","kujawsko-pomorskie",NA,NA
TRUE,"1961-03-14","Nowy Sącz","PiS","Tarnów",15,"wyższe","Jozefa.Szczurek-Zelazko@sejm.pl","Józefa Szczurek-Żelazko","Józefa",367,"Szczurek-Żelazko Józefa","Szczurek-Żelazko",26231,"menedżer, parlamentarzysta",NA,"małopolskie",NA,NA
TRUE,"1987-02-27","Szczecin","PiS","Koszalin",40,"wyższe","Pawel.Szefernaker@sejm.pl","Paweł Szefernaker","Paweł",368,"Szefernaker Paweł","Szefernaker",29764,"prawnik","Maciej","zachodniopomorskie",NA,NA
TRUE,"1973-04-28","Końskie","Lewica","Kielce",33,"wyższe","Andrzej.Szejna@sejm.pl","Andrzej Szejna","Andrzej",369,"Szejna Andrzej","Szejna",17961,"adwokat","Jan","świętokrzyskie",NA,NA
TRUE,"1970-02-20","Warszawa","KO","Częstochowa",28,"wyższe","Andrzej.Szewinski@sejm.pl","Andrzej Szewiński","Andrzej",370,"Szewiński Andrzej","Szewiński",10171,"parlamentarzysta, pedagog, przedsiębiorca prywatny, sportowiec, urzędnik samorządowy",NA,"śląskie",NA,NA
TRUE,"1984-12-06","Kościan","KO","Poznań",39,"wyższe","Adam.Szlapka@sejm.pl","Adam Szłapka","Adam",371,"Szłapka Adam","Szłapka",149064,"politolog","Stanisław","wielkopolskie",NA,NA
TRUE,"1962-09-15","Złotów","KO","Piła",38,"wyższe","Henryk.Szopinski@sejm.pl","Henryk Szopiński","Henryk",372,"Szopiński Henryk","Szopiński",8263,"animator kultury, muzyk","Marian","wielkopolskie",NA,NA
TRUE,"1975-06-30","Białystok","PiS","Bydgoszcz",4,"wyższe","Pawel.Szrot@sejm.pl","Paweł Szrot","Paweł",373,"Szrot Paweł","Szrot",20214,"prawnik, wyższy urzędnik państwowy",NA,"kujawsko-pomorskie",NA,NA
TRUE,"1956-06-28","Knurów","KO","Katowice",29,"wyższe","Krystyna.Szumilas@sejm.pl","Krystyna Szumilas","Krystyna",374,"Szumilas Krystyna","Szumilas",50871,"nauczyciel","Maria","śląskie",NA,NA
TRUE,"1955-04-12","Bielsko-Biała","PiS","Bielsko-Biała",27,"wyższe","Stanislaw.Szwed@sejm.pl","Stanisław Szwed","Stanisław",375,"Szwed Stanisław","Szwed",57055,"parlamentarzysta",NA,"śląskie",NA,NA
TRUE,"1978-05-30","Łódź","Polska2050-TD","Łódź",9,"wyższe","Ewa.Szymanowska@sejm.pl","Ewa Szymanowska","Ewa",376,"Szymanowska Ewa","Szymanowska",26185,"menedżer marketingu, public relations","Joanna","łódzkie",NA,NA
TRUE,"1978-04-24","Grudziądz","KO","Toruń",5,"wyższe","Tomasz.Szymanski@sejm.pl","Tomasz Szymański","Tomasz",377,"Szymański Tomasz","Szymański",17825,"parlamentarzysta, pracownik administracji samorządowej","Józef","kujawsko-pomorskie",NA,NA
TRUE,"1982-11-24","Poznań","PiS","Poznań",39,"wyższe","Szymon.SzynkowskiVelSek@sejm.pl","Szymon Szynkowski vel Sęk","Szymon",378,"Szynkowski vel Sęk Szymon","Szynkowski vel Sęk",45167,"wyższy urzędnik państwowy","Andrzej","wielkopolskie",NA,NA
TRUE,"1980-03-13","Piekary Śląskie","KO","Katowice",31,"wyższe","Lukasz.Sciebiorowski@sejm.pl","Łukasz Ściebiorowski","Łukasz",379,"Ściebiorowski Łukasz","Ściebiorowski",7116,"politolog","Andrzej","śląskie",NA,NA
TRUE,"1975-12-22","Kraków","PiS","Kraków",13,"wyższe","Agnieszka.Scigaj@sejm.pl","Agnieszka Ścigaj","Agnieszka",380,"Ścigaj Agnieszka","Ścigaj",6262,"doradca, pracownik socjalny, wykładowca",NA,"małopolskie",NA,NA
TRUE,"1988-10-12","Pasłęk","PiS","Elbląg",34,"wyższe","Andrzej.Sliwka@sejm.pl","Andrzej Śliwka","Andrzej",381,"Śliwka Andrzej","Śliwka",32895,"radca prawny",NA,"warmińsko-mazurskie",NA,NA
TRUE,"1980-09-18","Kraków","Polska2050-TD","Kraków",12,"wyższe","Pawel.Sliz@sejm.pl","Paweł Śliz","Paweł",382,"Śliz Paweł","Śliz",19630,"adwokat","Marek","małopolskie",NA,NA
TRUE,"1979-08-25","Stalowa Wola","Lewica","Wrocław",3,"wyższe","Krzysztof.Smiszek@sejm.pl","Krzysztof Śmiszek","Krzysztof",383,"Śmiszek Krzysztof","Śmiszek",34577,"prawnik","Jan","dolnośląskie",NA,NA
TRUE,"1955-12-16","Wrocław","PiS","Wrocław",3,"wyższe","Jacek.Swiat@sejm.pl","Jacek Świat","Jacek",384,"Świat Jacek","Świat",13663,"parlamentarzysta, specjalista ds. marketingu",NA,"dolnośląskie",NA,NA
TRUE,"1954-04-17","Cieszyn","KO","Bielsko-Biała",27,"wyższe","Apoloniusz.Tajner@sejm.pl","Apoloniusz Tajner","Apoloniusz",385,"Tajner Apoloniusz","Tajner",20748,"nauczyciel, trener","Leopold","śląskie",NA,NA
TRUE,"1950-05-19","Rzążew","PiS","Siedlce",18,"wyższe","Krzysztof.Tchorzewski@sejm.pl","Krzysztof Tchórzewski","Krzysztof",386,"Tchórzewski Krzysztof","Tchórzewski",25867,"ekonomista, inżynier elektryk",NA,"mazowieckie",NA,NA
TRUE,"1969-04-18","Opoczno","PiS","Piotrków Trybunalski",10,"wyższe","Robert.Telus@sejm.pl","Robert Telus","Robert",387,"Telus Robert","Telus",49262,"urzędnik państwowy",NA,"łódzkie",NA,NA
TRUE,"1949-09-02","Kraków","PiS","Nowy Sącz",14,"wyższe","Ryszard.Terlecki@sejm.pl","Ryszard Terlecki","Ryszard",388,"Terlecki Ryszard","Terlecki",29882,"historyk","Iwon","małopolskie",NA,NA
TRUE,"1959-02-21","Niechanowo","Lewica","Konin",37,"wyższe","Tadeusz.Tomaszewski@sejm.pl","Tadeusz Tomaszewski","Tadeusz",389,"Tomaszewski Tadeusz","Tomaszewski",17181,"ekonomista",NA,"wielkopolskie",NA,NA
TRUE,"1973-07-27","Poznań","PSL-TD","Poznań",39,"wyższe","Jacek.Tomczak@sejm.pl","Jacek Tomczak","Jacek",390,"Tomczak Jacek","Tomczak",24918,"notariusz, radca prawny","Jerzy","wielkopolskie",NA,NA
TRUE,"1988-04-21","Gdynia","Polska2050-TD","Słupsk",26,"wyższe","Wioleta.Tomczak@sejm.pl","Wioleta Tomczak","Wioleta",391,"Tomczak Wioleta","Tomczak",13217,"specjalista ds. zdrowia publicznego","Barbara","pomorskie",NA,NA
TRUE,"1984-08-25","Gryfice","KO","Sieradz",11,"wyższe","Cezary.Tomczyk@sejm.pl","Cezary Tomczyk","Cezary",392,"Tomczyk Cezary","Tomczyk",69211,"politolog","Józef","łódzkie",NA,NA
TRUE,"1959-08-26","Żagań","PSL-TD","Zielona Góra",8,"wyższe","Stanislaw.Tomczyszyn@sejm.pl","Stanisław Tomczyszyn","Stanisław",393,"Tomczyszyn Stanisław","Tomczyszyn",10332,"nauczyciel",NA,"lubuskie",NA,NA
TRUE,"1985-12-08","Bolesławiec","KO","Wrocław",3,"wyższe","Malgorzata.Tracz@sejm.pl","Małgorzata Tracz","Małgorzata",394,"Tracz Małgorzata","Tracz",17693,"filolog, specjalista ds. szkoleń","Elżbieta","dolnośląskie",NA,NA
TRUE,"1979-12-30","Łódź","Lewica","Łódź",9,"wyższe","Tomasz.Trela@sejm.pl","Tomasz Trela","Tomasz",395,"Trela Tomasz","Trela",26273,"ekonomista","Dominik","łódzkie",NA,NA
TRUE,"1990-07-25","Białystok","KO","Białystok",24,"wyższe","Krzysztof.Truskolaski@sejm.pl","Krzysztof Truskolaski","Krzysztof",396,"Truskolaski Krzysztof","Truskolaski",57664,"ekonomista",NA,"podlaskie",NA,NA
TRUE,"1981-04-25","Warszawa","Konfederacja","Wrocław",3,"wyższe","Krzysztof.Tuduj@sejm.pl","Krzysztof Tuduj","Krzysztof",397,"Tuduj Krzysztof","Tuduj",25922,"prawnik",NA,"dolnośląskie",NA,NA
TRUE,"1981-12-30","Lublin","PiS","Lublin",6,"wyższe","Sylwester.Tulajew@sejm.pl","Sylwester Tułajew","Sylwester",398,"Tułajew Sylwester","Tułajew",10228,"informatyk","Karol","lubelskie",NA,NA
TRUE,"1986-11-04","Lublin","Konfederacja","Chełm",7,"średnie ogólne","Witold.Tumanowicz@sejm.pl","Witold Tumanowicz","Witold",399,"Tumanowicz Witold","Tumanowicz",14387,"zawodowy działacz organizacji polityczne","Sławomir","lubelskie",NA,NA
TRUE,"1957-04-22","Gdańsk","KO","Warszawa",19,"wyższe","Donald.Tusk@sejm.pl","Donald Tusk","Donald",400,"Tusk Donald","Tusk",538634,"nauczyciel","Franciszek","mazowieckie",NA,NA
TRUE,"1979-04-11","Warszawa","Konfederacja","Słupsk",26,"wyższe","Stanislaw.Tyszka@sejm.pl","Stanisław Tyszka","Stanisław",401,"Tyszka Stanisław","Tyszka",19753,"nauczyciel akademicki",NA,"pomorskie",NA,NA
TRUE,"1975-08-26","Poznań","Lewica","Poznań",39,"wyższe","Katarzyna.Ueberhan@sejm.pl","Katarzyna Ueberhan","Katarzyna",402,"Ueberhan Katarzyna","Ueberhan",24485,"filozof",NA,"wielkopolskie",NA,NA
TRUE,"1966-08-07","Ostrów Wielkopolski","KO","Kalisz",36,"wyższe","Jaroslaw.Urbaniak@sejm.pl","Jarosław Urbaniak","Jarosław",403,"Urbaniak Jarosław","Urbaniak",50724,"menedżer","Piotr","wielkopolskie",NA,NA
TRUE,"1976-08-11","Sanok","PiS","Krosno",22,"wyższe","Piotr.Uruski@sejm.pl","Piotr Uruski","Piotr",404,"Uruski Piotr","Uruski",22703,"historyk, nauczyciel akademicki","Marcin","podkarpackie",NA,NA
TRUE,"1977-05-20","Warszawa","PiS","Warszawa",20,"wyższe","Piotr.Uscinski@sejm.pl","Piotr Uściński","Piotr",405,"Uściński Piotr","Uściński",15006,"elektronik, menedżer, parlamentarzysta",NA,"mazowieckie",NA,NA
TRUE,"1976-09-13","Gdańsk","KO","Gdańsk",25,"wyższe","Jaroslaw.Walesa@sejm.pl","Jarosław Wałęsa","Jarosław",406,"Wałęsa Jarosław","Wałęsa",17408,"politolog","Leszek","pomorskie",NA,NA
TRUE,"1980-07-13","Nisko","PiS","Rzeszów",23,"wyższe","Marcin.Warchol@sejm.pl","Marcin Warchoł","Marcin",407,"Warchoł Marcin","Warchoł",26750,"adwokat","Józef","podkarpackie",NA,NA
TRUE,"1975-10-12","Tarnów","KO","Tarnów",15,"wyższe","Robert.Wardzala@sejm.pl","Robert Wardzała","Robert",408,"Wardzała Robert","Wardzała",9265,"menedżer","Marian","małopolskie",NA,NA
TRUE,"1976-08-13","Jaworzno","PiS","Katowice",32,"wyższe","Robert.Warwas@sejm.pl","Robert Warwas","Robert",409,"Warwas Robert","Warwas",17403,"politolog","Piotr","śląskie",NA,NA
TRUE,"1959-04-21","Jodłowa","PiS","Rzeszów",23,"wyższe","Jan.Warzecha@sejm.pl","Jan Warzecha","Jan",410,"Warzecha Jan","Warzecha",14023,"pracownik samorządowy","Marek","podkarpackie",NA,NA
TRUE,"1978-03-16","Kraków","PiS","Kraków",13,"wyższe","Malgorzata.Wassermann@sejm.pl","Małgorzata Wassermann","Małgorzata",411,"Wassermann Małgorzata","Wassermann",125786,"adwokat","Ewa","małopolskie",NA,NA
TRUE,"1989-04-01","Warszawa","Konfederacja","Kielce",33,"wyższe","Michal.Wawer@sejm.pl","Michał Wawer","Michał",412,"Wawer Michał","Wawer",18300,"radca prawny","Jan","świętokrzyskie",NA,NA
FALSE,"1969-10-16","Warszawa","PiS","Płock",16,"wyższe","Maciej.Wasik@sejm.pl","Maciej Wąsik","Maciej",413,"Wąsik Maciej","Wąsik",24033,"archeolog",NA,"mazowieckie",NA,"Utrata prawa wybieralności"
TRUE,"1969-02-26","Kraśnik","KO","Lublin",6,"wyższe","Marta.Wcislo@sejm.pl","Marta Wcisło","Marta",414,"Wcisło Marta","Wcisło",68449,"menedżer, przedsiębiorca prywatny","Anna","lubelskie",NA,NA
TRUE,"1981-09-01","Tarnobrzeg","PiS","Rzeszów",23,"wyższe","Rafal.Weber@sejm.pl","Rafał Weber","Rafał",415,"Weber Rafał","Weber",31349,"prawnik",NA,"podkarpackie",NA,NA
TRUE,"1972-05-03","Ruda Śląska","PiS","Katowice",31,"wyższe","Marek.Wesoly@sejm.pl","Marek Wesoły","Marek",416,"Wesoły Marek","Wesoły",9915,"nauczyciel, przedsiębiorca prywatny","Jacek","śląskie",NA,NA
TRUE,"1966-10-09","Biała Podlaska","Lewica","Warszawa",20,"wyższe","Joanna.Wicha@sejm.pl","Joanna Wicha","Joanna",417,"Wicha Joanna","Wicha",15324,"pielęgniarka, socjolog","Beata","mazowieckie",NA,NA
TRUE,"1986-03-09","Nowy Sącz","PiS","Nowy Sącz",14,"wyższe","Patryk.Wicher@sejm.pl","Patryk Wicher","Patryk",418,"Wicher Patryk","Wicher",18604,"menedżer, politolog","Tomasz","małopolskie",NA,NA
TRUE,"1965-05-23","Szczecin","Lewica","Szczecin",41,"wyższe","Dariusz.Wieczorek@sejm.pl","Dariusz Wieczorek","Dariusz",419,"Wieczorek Dariusz","Wieczorek",15378,"inżynier elektryk","Krzysztof","zachodniopomorskie",NA,NA
TRUE,"1981-01-27","Gliwice","PiS","Katowice",29,"wyższe","Jaroslaw.Wieczorek@sejm.pl","Jarosław Wiesław Wieczorek","Jarosław",420,"Wieczorek Jarosław Wiesław","Wieczorek",23451,NA,"Wiesław","śląskie",NA,NA
TRUE,"1973-10-04","Nowa Ruda","KO","Wałbrzych",2,"wyższe","Monika.Wielichowska@sejm.pl","Monika Wielichowska","Monika",421,"Wielichowska Monika","Wielichowska",52182,"dziennikarz, ekonomista, pracownik samorządowy",NA,"dolnośląskie",NA,NA
TRUE,"1987-03-24","Krynica-Zdrój","Konfederacja","Nowy Sącz",14,"wyższe","Ryszard.Wilk@sejm.pl","Ryszard Wilk","Ryszard",422,"Wilk Ryszard","Wilk",19374,"przedsiębiorca prywatny","Jakub","małopolskie",NA,NA
TRUE,"1952-10-29","Elbląg","PiS","Elbląg",34,"średnie policealne/pomaturalne","Teresa.Wilk@sejm.pl","Teresa Wilk","Teresa",423,"Wilk Teresa","Wilk",9280,"ekonomista",NA,"warmińsko-mazurskie",NA,NA
TRUE,"1978-07-15","Piekary Śląskie","Konfederacja","Toruń",5,"wyższe","Przemyslaw.Wipler@sejm.pl","Przemysław Wipler","Przemysław",424,"Wipler Przemysław","Wipler",13457,"prawnik, przedsiębiorca prywatny","Janusz","kujawsko-pomorskie",NA,NA
TRUE,"1994-05-27","Łódź","KO","Łódź",9,"wyższe","Aleksandra.Wisniewska@sejm.pl","Aleksandra Karolina Wiśniewska","Aleksandra",425,"Wiśniewska Aleksandra Karolina","Wiśniewska",25436,"politolog","Karolina","łódzkie",NA,NA
TRUE,"1991-03-20","Tomaszów Mazowiecki","KO","Piotrków Trybunalski",10,"wyższe","Adrian.Witczak@sejm.pl","Adrian Witczak","Adrian",426,"Witczak Adrian","Witczak",16287,"nauczyciel",NA,"łódzkie",NA,NA
TRUE,"1971-04-14","Koźminek","KO","Kalisz",36,"wyższe","Mariusz.Witczak@sejm.pl","Mariusz Witczak","Mariusz",427,"Witczak Mariusz","Witczak",12754,"politolog, polityk","Sebastian","wielkopolskie",NA,NA
TRUE,"1957-12-17","Jawor","PiS","Legnica",1,"wyższe","Elzbieta.Witek@sejm.pl","Elżbieta Witek","Elżbieta",428,"Witek Elżbieta","Witek",89172,"nauczyciel","Barbara","dolnośląskie",NA,NA
TRUE,"1978-03-16","Lubliniec","KO","Częstochowa",28,"wyższe","Przemyslaw.Witek@sejm.pl","Przemysław Witek","Przemysław",429,"Witek Przemysław","Witek",5121,"urzędnik państwowy","Jarosław","śląskie",NA,NA
TRUE,"1984-05-22","Sosnowiec","Polska2050-TD","Katowice",32,"średnie ogólne","Kamil.Wnuk@sejm.pl","Kamil Wnuk","Kamil",430,"Wnuk Kamil","Wnuk",16310,"politolog","Wiesław","śląskie",NA,NA
TRUE,"1960-02-29","Suwałki","KO","Olsztyn",35,"wyższe","Anna.Wojciechowska@sejm.pl","Anna Wojciechowska","Anna",431,"Wojciechowska Anna","Wojciechowska",18828,"doradca finansowy, pracownik administracji samorządowej",NA,"warmińsko-mazurskie",NA,NA
TRUE,"1964-08-30","Łódź","PiS","Łódź",9,"wyższe","Agnieszka.WojciechowskavanHeukelom@sejm.pl","Agnieszka Wojciechowska van Heukelom","Agnieszka",432,"Wojciechowska van Heukelom Agnieszka","Wojciechowska van Heukelom",10557,"filolog","Krystyna","łódzkie",NA,NA
TRUE,"1967-10-23","Starachowice","PiS","Kielce",33,"wyższe","Agata.Wojtyszek@sejm.pl","Agata Wojtyszek","Agata",433,"Wojtyszek Agata","Wojtyszek",15405,"nauczyciel","Katarzyna","świętokrzyskie",NA,NA
TRUE,"1950-03-22","Piotrków Trybunalski","KO","Piotrków Trybunalski",10,"wyższe","Boguslaw.Woloszanski@sejm.pl","Bogusław Wołoszański","Bogusław",434,"Wołoszański Bogusław","Wołoszański",35202,"dziennikarz",NA,"łódzkie",NA,NA
TRUE,"1991-02-08","Racibórz","PiS","Bielsko-Biała",30,"wyższe","Michal.Wos@sejm.pl","Michał Woś","Michał",435,"Woś Michał","Woś",39902,"prawnik","Piotr","śląskie",NA,NA
TRUE,"1968-12-18","Garwolin","PiS","Siedlce",18,"wyższe","Grzegorz.Wozniak@sejm.pl","Grzegorz Woźniak","Grzegorz",436,"Woźniak Grzegorz","Woźniak",9088,"menedżer","Adam","mazowieckie",NA,NA
TRUE,"1960-01-15","Kutno","PiS","Sieradz",11,"wyższe","Tadeusz.Wozniak@sejm.pl","Tadeusz Woźniak","Tadeusz",437,"Woźniak Tadeusz","Woźniak",19691,"nauczyciel, parlamentarzysta","Jacek","łódzkie",NA,NA
TRUE,"1971-04-17","Kraków","PiS","Katowice",31,"wyższe","Michal.Wojcik@sejm.pl","Michał Wójcik","Michał",438,"Wójcik Michał","Wójcik",8270,"prawnik","Marek","śląskie",NA,NA
TRUE,"1983-10-16","Giżycko","KO","Olsztyn",35,"wyższe","Maciej.Wrobel@sejm.pl","Maciej Wróbel","Maciej",439,"Wróbel Maciej","Wróbel",9837,"dziennikarz","Stanisław","warmińsko-mazurskie",NA,NA
TRUE,"1975-03-13","Poznań","PiS","Poznań",39,"wyższe","Bartlomiej.Wroblewski@sejm.pl","Bartłomiej Wróblewski","Bartłomiej",440,"Wróblewski Bartłomiej","Wróblewski",28860,"nauczyciel akademicki","Piotr","wielkopolskie",NA,NA
TRUE,"1964-09-25","Warszawa","Polska2050-TD","Warszawa",20,"wyższe","Pawel.Zalewski@sejm.pl","Paweł Zalewski","Paweł",441,"Zalewski Paweł","Zalewski",35395,"konsultant","Ksawery","mazowieckie",NA,NA
TRUE,"1979-12-04","Aalborg, Dania","Lewica","Warszawa",19,"wyższe","Adrian.Zandberg@sejm.pl","Adrian Zandberg","Adrian",442,"Zandberg Adrian","Zandberg",64435,"programista","Tadeusz","mazowieckie",NA,NA
TRUE,"1966-11-06","Wałbrzych","Konfederacja","Krosno",22,"wyższe","Andrzej.Zapalowski@sejm.pl","Andrzej Tomasz Zapałowski","Andrzej",443,"Zapałowski Andrzej Tomasz","Zapałowski",14475,"nauczyciel akademicki","Tomasz","podkarpackie",NA,NA
TRUE,"1978-03-02","Poznań","KO","Poznań",39,"wyższe","Bartosz.Zawieja@sejm.pl","Bartosz Zawieja","Bartosz",444,"Zawieja Bartosz","Zawieja",9103,"urzędnik samorządowy","Józef","wielkopolskie",NA,NA
TRUE,"1989-05-03","Katowice","Lewica","Opole",21,"wyższe","Marcelina.Zawisza@sejm.pl","Marcelina Zawisza","Marcelina",445,"Zawisza Marcelina","Zawisza",19388,"polityk","Monika","opolskie",NA,NA
TRUE,"1963-06-09","Krasnobród","PiS","Chełm",7,"wyższe","Slawomir.Zawislak@sejm.pl","Sławomir Zawiślak","Sławomir",446,"Zawiślak Sławomir","Zawiślak",10936,"parlamentarzysta",NA,"lubelskie",NA,NA
TRUE,"1957-05-18","Kłodzko","KO","Wrocław",3,"wyższe","Bogdan.Zdrojewski@sejm.pl","Bogdan Andrzej Zdrojewski","Bogdan",447,"Zdrojewski Bogdan Andrzej","Zdrojewski",85099,"filozof, polityk, kulturoznawca","Andrzej","dolnośląskie",NA,NA
TRUE,"1980-12-28","Opole","KO","Opole",21,"wyższe","Witold.Zembaczynski@sejm.pl","Witold Zembaczyński","Witold",448,"Zembaczyński Witold","Zembaczyński",23647,"politolog","Maciej","opolskie",NA,NA
TRUE,"1963-09-17","Płock","PSL-TD","Płock",16,"wyższe","Piotr.Zgorzelski@sejm.pl","Piotr Zgorzelski","Piotr",449,"Zgorzelski Piotr","Zgorzelski",32011,"urzędnik samorządowy",NA,"mazowieckie",NA,NA
TRUE,"1958-11-28","Morąg","PSL-TD","Elbląg",34,"wyższe","Zbigniew.Ziejewski@sejm.pl","Zbigniew Ziejewski","Zbigniew",450,"Ziejewski Zbigniew","Ziejewski",12695,"inżynier rolnik",NA,"warmińsko-mazurskie",NA,NA
TRUE,"1977-10-03","Warszawa","KO","Warszawa",19,"wyższe","Urszula.Zielinska@sejm.pl","Urszula Sara Zielińska","Urszula",451,"Zielińska Urszula Sara","Zielińska",16470,"menedżer marketingu","Sara","mazowieckie",NA,NA
TRUE,"1960-09-20","Szwajcaria","PiS","Białystok",24,"wyższe","Jaroslaw.Zielinski@sejm.pl","Jarosław Zieliński","Jarosław",452,"Zieliński Jarosław","Zieliński",20812,"nauczyciel, parlamentarzysta",NA,"podlaskie",NA,NA
TRUE,"1967-07-20","Józefów","PiS","Chełm",7,"wyższe","Tomasz.Zielinski@sejm.pl","Tomasz Zieliński","Tomasz",453,"Zieliński Tomasz","Zieliński",13469,"historyk","Andrzej","lubelskie",NA,NA
TRUE,"1975-10-13","Sieradz","PSL-TD","Sieradz",11,"wyższe","Jolanta.Zieba-Gzik@sejm.pl","Jolanta Zięba-Gzik","Jolanta",454,"Zięba-Gzik Jolanta","Zięba-Gzik",10474,"specjalista ds. zarządzania",NA,"łódzkie",NA,NA
TRUE,"1957-10-30","Łódź","Polska2050-TD","Wrocław",3,"wyższe","Tomasz.Zimoch@sejm.pl","Tomasz Zimoch","Tomasz",455,"Zimoch Tomasz","Zimoch",34187,"dziennikarz, prawnik","Franciszek","dolnośląskie",NA,NA
TRUE,"1970-08-18","Kraków","PiS","Rzeszów",23,"wyższe","Zbigniew.Ziobro@sejm.pl","Zbigniew Ziobro","Zbigniew",456,"Ziobro Zbigniew","Ziobro",74592,"prawnik","Tadeusz","podkarpackie",NA,NA
TRUE,"1979-11-12","Wrocław","PiS","Legnica",1,"wyższe","Wojciech.Zubowski@sejm.pl","Wojciech Michał Zubowski","Wojciech",457,"Zubowski Wojciech Michał","Zubowski",8527,"parlamentarzysta","Michał","dolnośląskie",NA,NA
TRUE,"1969-08-05","Świebodzice","PiS","Wałbrzych",2,"wyższe","Ireneusz.Zyska@sejm.pl","Ireneusz Zyska","Ireneusz",458,"Zyska Ireneusz","Zyska",11817,"menedżer, radca prawny, parlamentarzysta",NA,"dolnośląskie",NA,NA
TRUE,"1970-08-23","Chełm","PSL-TD","Warszawa",20,"wyższe","Bozena.Zelazowska@sejm.pl","Bożena Żelazowska","Bożena",459,"Żelazowska Bożena","Żelazowska",17416,"politolog","Jadwiga","mazowieckie",NA,NA
TRUE,"1983-06-11","Warszawa","Lewica","Warszawa",19,"wyższe","Anna.Zukowska@sejm.pl","Anna Maria Żukowska","Anna",460,"Żukowska Anna Maria","Żukowska",38426,"prawnik","Maria","mazowieckie",NA,NA
TRUE,"1973-06-03","Kraśnik","PiS","Lublin",6,"wyższe","Anna.Baluch@sejm.pl","Anna Baluch","Anna",461,"Baluch Anna","Baluch",7686,"urzędnik samorządowy",NA,"lubelskie",NA,NA
TRUE,"1984-08-30","Inowrocław","KO","Bydgoszcz",4,"wyższe","Magdalena.Losko@sejm.pl","Magdalena Łośko","Magdalena",462,"Łośko Magdalena","Łośko",4864,"pedagog",NA,"kujawsko-pomorskie",NA,NA
TRUE,"1983-06-15","Ryki","niez.","Chełm",7,"wyższe","Monika.Pawlowska@sejm.pl","Monika Pawłowska","Monika",463,"Pawłowska Monika","Pawłowska",10789,"specjalista do spraw stosunków międzynarodowych","Jolanta","lubelskie",NA,NA
